Time for spread_infection;0:00:00.000161
Time for expose_population;0:00:00.001622
Time for lambda_leak_expose;0:00:00.003310
Time for update_population;0:00:00.001488
Time for spread_infection;0:00:00.000096
Time for expose_population;0:00:00.001607
Time for lambda_leak_expose;0:00:00.003310
Time for update_population;0:00:00.002018
Time for spread_infection;0:00:00.000452
Time for expose_population;0:00:00.001572
Time for lambda_leak_expose;0:00:00.003191
Time for update_population;0:00:00.001626
Time for expose_population;0:00:00.001832
Time for spread_infection;0:00:00.002507
Time for expose_population;0:00:00.001633
Time for lambda_leak_expose;0:00:00.003402
Time for update_population;0:00:00.001878
Time for expose_population;0:00:00.001382
Time for spread_infection;0:00:00.001996
Time for expose_population;0:00:00.001579
Time for lambda_leak_expose;0:00:00.003210
Time for update_population;0:00:00.003015
Time for expose_population;0:00:00.002356
Time for spread_infection;0:00:00.003186
Time for expose_population;0:00:00.001973
Time for lambda_leak_expose;0:00:00.003779
Time for update_population;0:00:00.002170
Time for expose_population;0:00:00.002752
Time for spread_infection;0:00:00.003650
Time for expose_population;0:00:00.002202
Time for lambda_leak_expose;0:00:00.004023
Time for update_population;0:00:00.002180
Time for expose_population;0:00:00.002488
Time for spread_infection;0:00:00.003363
Time for expose_population;0:00:00.002186
Time for lambda_leak_expose;0:00:00.003927
Time for update_population;0:00:00.002695
Time for expose_population;0:00:00.002769
Time for spread_infection;0:00:00.003785
Time for expose_population;0:00:00.002165
Time for lambda_leak_expose;0:00:00.003753
Time for update_population;0:00:00.001922
Time for expose_population;0:00:00.003964
Time for spread_infection;0:00:00.005117
Time for expose_population;0:00:00.002198
Time for lambda_leak_expose;0:00:00.003987
Time for update_population;0:00:00.002551
Time for expose_population;0:00:00.003321
Time for spread_infection;0:00:00.004451
Time for expose_population;0:00:00.002181
Time for lambda_leak_expose;0:00:00.003956
Time for update_population;0:00:00.003010
Time for expose_population;0:00:00.002726
Time for spread_infection;0:00:00.003866
Time for expose_population;0:00:00.002209
Time for lambda_leak_expose;0:00:00.003962
Time for update_population;0:00:00.002888
Time for expose_population;0:00:00.004092
Time for spread_infection;0:00:00.005438
Time for expose_population;0:00:00.002231
Time for lambda_leak_expose;0:00:00.003985
Time for update_population;0:00:00.003469
Time for expose_population;0:00:00.005581
Time for spread_infection;0:00:00.007189
Time for expose_population;0:00:00.002182
Time for lambda_leak_expose;0:00:00.003909
Time for update_population;0:00:00.003481
Time for expose_population;0:00:00.004781
Time for spread_infection;0:00:00.006236
Time for expose_population;0:00:00.002201
Time for lambda_leak_expose;0:00:00.003968
Time for update_population;0:00:00.003782
Time for expose_population;0:00:00.004821
Time for spread_infection;0:00:00.006430
Time for expose_population;0:00:00.002187
Time for lambda_leak_expose;0:00:00.004071
Time for update_population;0:00:00.003531
Time for expose_population;0:00:00.005929
Time for spread_infection;0:00:00.007760
Time for expose_population;0:00:00.002198
Time for lambda_leak_expose;0:00:00.003949
Time for update_population;0:00:00.002614
Time for expose_population;0:00:00.005547
Time for spread_infection;0:00:00.007441
Time for expose_population;0:00:00.002155
Time for lambda_leak_expose;0:00:00.003876
Time for update_population;0:00:00.003849
Time for expose_population;0:00:00.005934
Time for spread_infection;0:00:00.007865
Time for expose_population;0:00:00.002374
Time for lambda_leak_expose;0:00:00.004373
Time for update_population;0:00:00.005820
Time for expose_population;0:00:00.007465
Time for spread_infection;0:00:00.010163
Time for expose_population;0:00:00.002283
Time for lambda_leak_expose;0:00:00.003936
Time for update_population;0:00:00.004298
Time for expose_population;0:00:00.007517
Time for spread_infection;0:00:00.010720
Time for expose_population;0:00:00.002224
Time for lambda_leak_expose;0:00:00.004064
Time for update_population;0:00:00.004358
Time for expose_population;0:00:00.007993
Time for spread_infection;0:00:00.011223
Time for expose_population;0:00:00.002217
Time for lambda_leak_expose;0:00:00.004052
Time for update_population;0:00:00.007391
Time for expose_population;0:00:00.011593
Time for spread_infection;0:00:00.015036
Time for expose_population;0:00:00.002250
Time for lambda_leak_expose;0:00:00.004106
Time for update_population;0:00:00.005329
Time for expose_population;0:00:00.011396
Time for spread_infection;0:00:00.015065
Time for expose_population;0:00:00.002316
Time for lambda_leak_expose;0:00:00.004176
Time for update_population;0:00:00.007098
Time for expose_population;0:00:00.014295
Time for spread_infection;0:00:00.018250
Time for expose_population;0:00:00.002254
Time for lambda_leak_expose;0:00:00.004062
Time for update_population;0:00:00.006462
Time for expose_population;0:00:00.014675
Time for spread_infection;0:00:00.018762
Time for expose_population;0:00:00.002200
Time for lambda_leak_expose;0:00:00.003939
Time for update_population;0:00:00.007085
Time for expose_population;0:00:00.014106
Time for spread_infection;0:00:00.018238
Time for expose_population;0:00:00.002429
Time for lambda_leak_expose;0:00:00.004485
Time for update_population;0:00:00.010024
Time for expose_population;0:00:00.017042
Time for spread_infection;0:00:00.021729
Time for expose_population;0:00:00.002248
Time for lambda_leak_expose;0:00:00.004018
Time for update_population;0:00:00.007745
Time for expose_population;0:00:00.017432
Time for spread_infection;0:00:00.022264
Time for expose_population;0:00:00.002193
Time for lambda_leak_expose;0:00:00.003977
Time for update_population;0:00:00.009787
Time for expose_population;0:00:00.020779
Time for spread_infection;0:00:00.025971
Time for expose_population;0:00:00.002193
Time for lambda_leak_expose;0:00:00.003978
Time for update_population;0:00:00.012538
Time for expose_population;0:00:00.019136
Time for spread_infection;0:00:00.024824
Time for expose_population;0:00:00.002185
Time for lambda_leak_expose;0:00:00.003983
Time for update_population;0:00:00.012510
Time for expose_population;0:00:00.021159
Time for spread_infection;0:00:00.027487
Time for expose_population;0:00:00.002251
Time for lambda_leak_expose;0:00:00.004398
Time for update_population;0:00:00.015364
Time for expose_population;0:00:00.019276
Time for spread_infection;0:00:00.026203
Time for expose_population;0:00:00.002323
Time for lambda_leak_expose;0:00:00.004146
Time for update_population;0:00:00.014012
Time for expose_population;0:00:00.023464
Time for spread_infection;0:00:00.030730
Time for expose_population;0:00:00.002331
Time for lambda_leak_expose;0:00:00.004172
Time for update_population;0:00:00.015588
Time for expose_population;0:00:00.024474
Time for spread_infection;0:00:00.032276
Time for expose_population;0:00:00.002217
Time for lambda_leak_expose;0:00:00.004008
Time for update_population;0:00:00.017817
Time for expose_population;0:00:00.026409
Time for spread_infection;0:00:00.034404
Time for expose_population;0:00:00.002217
Time for lambda_leak_expose;0:00:00.004002
Time for update_population;0:00:00.016406
Time for expose_population;0:00:00.029824
Time for spread_infection;0:00:00.038690
Time for expose_population;0:00:00.002265
Time for lambda_leak_expose;0:00:00.004053
Time for update_population;0:00:00.019376
Time for expose_population;0:00:00.032084
Time for spread_infection;0:00:00.041245
Time for expose_population;0:00:00.002334
Time for lambda_leak_expose;0:00:00.004402
Time for update_population;0:00:00.021495
Time for expose_population;0:00:00.034658
Time for spread_infection;0:00:00.044324
Time for expose_population;0:00:00.002261
Time for lambda_leak_expose;0:00:00.004042
Time for update_population;0:00:00.024776
Time for expose_population;0:00:00.036366
Time for spread_infection;0:00:00.047161
Time for expose_population;0:00:00.002271
Time for lambda_leak_expose;0:00:00.004023
Time for update_population;0:00:00.025189
Time for expose_population;0:00:00.037162
Time for spread_infection;0:00:00.048716
Time for expose_population;0:00:00.002374
Time for lambda_leak_expose;0:00:00.004254
Time for update_population;0:00:00.028025
Time for expose_population;0:00:00.041323
Time for spread_infection;0:00:00.053231
Time for expose_population;0:00:00.002414
Time for lambda_leak_expose;0:00:00.004233
Time for update_population;0:00:00.029191
Time for expose_population;0:00:00.046808
Time for spread_infection;0:00:00.059463
Time for expose_population;0:00:00.002270
Time for lambda_leak_expose;0:00:00.004048
Time for update_population;0:00:00.032282
Time for expose_population;0:00:00.047679
Time for spread_infection;0:00:00.061192
Time for expose_population;0:00:00.002714
Time for lambda_leak_expose;0:00:00.004606
Time for update_population;0:00:00.035613
Time for expose_population;0:00:00.052260
Time for spread_infection;0:00:00.066919
Time for expose_population;0:00:00.002595
Time for lambda_leak_expose;0:00:00.004634
Time for update_population;0:00:00.031834
Time for expose_population;0:00:00.052006
Time for spread_infection;0:00:00.066822
Time for expose_population;0:00:00.002319
Time for lambda_leak_expose;0:00:00.004078
Time for update_population;0:00:00.040304
Time for expose_population;0:00:00.059404
Time for spread_infection;0:00:00.075015
Time for expose_population;0:00:00.002357
Time for lambda_leak_expose;0:00:00.004147
Time for update_population;0:00:00.044124
Time for expose_population;0:00:00.059524
Time for spread_infection;0:00:00.075923
Time for expose_population;0:00:00.002570
Time for lambda_leak_expose;0:00:00.004545
Time for update_population;0:00:00.047152
Time for expose_population;0:00:00.065327
Time for spread_infection;0:00:00.082311
Time for expose_population;0:00:00.002369
Time for lambda_leak_expose;0:00:00.004375
Time for update_population;0:00:00.049217
Time for expose_population;0:00:00.067291
Time for spread_infection;0:00:00.085812
Time for expose_population;0:00:00.004335
Time for lambda_leak_expose;0:00:00.005909
Time for update_population;0:00:00.056155
Time for expose_population;0:00:00.071893
Time for spread_infection;0:00:00.090911
Time for expose_population;0:00:00.002315
Time for lambda_leak_expose;0:00:00.004253
Time for update_population;0:00:00.053914
Time for expose_population;0:00:00.068013
Time for spread_infection;0:00:00.089297
Time for expose_population;0:00:00.002290
Time for lambda_leak_expose;0:00:00.003938
Time for update_population;0:00:00.059545
Time for expose_population;0:00:00.077583
Time for spread_infection;0:00:00.099350
Time for expose_population;0:00:00.002386
Time for lambda_leak_expose;0:00:00.004066
Time for update_population;0:00:00.057831
Time for expose_population;0:00:00.081719
Time for spread_infection;0:00:00.104238
Time for expose_population;0:00:00.002285
Time for lambda_leak_expose;0:00:00.003927
Time for update_population;0:00:00.071198
Time for expose_population;0:00:00.088205
Time for spread_infection;0:00:00.114544
Time for expose_population;0:00:00.002268
Time for lambda_leak_expose;0:00:00.003860
Time for update_population;0:00:00.067220
Time for expose_population;0:00:00.087015
Time for spread_infection;0:00:00.112265
Time for expose_population;0:00:00.002545
Time for lambda_leak_expose;0:00:00.003990
Time for update_population;0:00:00.070576
Time for expose_population;0:00:00.090257
Time for spread_infection;0:00:00.117274
Time for expose_population;0:00:00.002274
Time for lambda_leak_expose;0:00:00.003826
Time for update_population;0:00:00.071572
Time for expose_population;0:00:00.092191
Time for spread_infection;0:00:00.120353
Time for expose_population;0:00:00.002290
Time for lambda_leak_expose;0:00:00.003833
Time for update_population;0:00:00.080642
Time for expose_population;0:00:00.086042
Time for spread_infection;0:00:00.114741
Time for expose_population;0:00:00.002323
Time for lambda_leak_expose;0:00:00.003937
Time for update_population;0:00:00.089591
Time for expose_population;0:00:00.092624
Time for spread_infection;0:00:00.123381
Time for expose_population;0:00:00.002260
Time for lambda_leak_expose;0:00:00.003985
Time for update_population;0:00:00.082502
Time for expose_population;0:00:00.095490
Time for spread_infection;0:00:00.127926
Time for expose_population;0:00:00.002324
Time for lambda_leak_expose;0:00:00.003770
Time for update_population;0:00:00.083687
Time for expose_population;0:00:00.096161
Time for spread_infection;0:00:00.130102
Time for expose_population;0:00:00.002615
Time for lambda_leak_expose;0:00:00.004098
Time for update_population;0:00:00.098490
Time for expose_population;0:00:00.105888
Time for spread_infection;0:00:00.140246
Time for expose_population;0:00:00.002252
Time for lambda_leak_expose;0:00:00.003628
Time for update_population;0:00:00.087535
Time for expose_population;0:00:00.105228
Time for spread_infection;0:00:00.140467
Time for expose_population;0:00:00.002254
Time for lambda_leak_expose;0:00:00.003415
Time for update_population;0:00:00.098181
Time for expose_population;0:00:00.101218
Time for spread_infection;0:00:00.137418
Time for expose_population;0:00:00.002311
Time for lambda_leak_expose;0:00:00.003703
Time for update_population;0:00:00.102399
Time for expose_population;0:00:00.098540
Time for spread_infection;0:00:00.136597
Time for expose_population;0:00:00.002312
Time for lambda_leak_expose;0:00:00.003662
Time for update_population;0:00:00.099389
Time for expose_population;0:00:00.101998
Time for spread_infection;0:00:00.139731
Time for expose_population;0:00:00.002300
Time for lambda_leak_expose;0:00:00.003403
Time for update_population;0:00:00.104241
Time for expose_population;0:00:00.095116
Time for spread_infection;0:00:00.133195
Time for expose_population;0:00:00.002264
Time for lambda_leak_expose;0:00:00.003740
Time for update_population;0:00:00.112868
Time for expose_population;0:00:00.100626
Time for spread_infection;0:00:00.142843
Time for expose_population;0:00:00.002368
Time for lambda_leak_expose;0:00:00.003890
Time for update_population;0:00:00.107853
Time for expose_population;0:00:00.099608
Time for spread_infection;0:00:00.142389
Time for expose_population;0:00:00.002459
Time for lambda_leak_expose;0:00:00.004057
Time for update_population;0:00:00.113228
Time for expose_population;0:00:00.096979
Time for spread_infection;0:00:00.139311
Time for expose_population;0:00:00.002529
Time for lambda_leak_expose;0:00:00.003837
Time for update_population;0:00:00.108296
Time for expose_population;0:00:00.098515
Time for spread_infection;0:00:00.141070
Time for expose_population;0:00:00.002498
Time for lambda_leak_expose;0:00:00.003798
Time for update_population;0:00:00.115732
Time for expose_population;0:00:00.095087
Time for spread_infection;0:00:00.138395
Time for expose_population;0:00:00.002328
Time for lambda_leak_expose;0:00:00.003344
Time for update_population;0:00:00.098991
Time for expose_population;0:00:00.087706
Time for spread_infection;0:00:00.129597
Time for expose_population;0:00:00.002560
Time for lambda_leak_expose;0:00:00.003753
Time for update_population;0:00:00.106730
Time for expose_population;0:00:00.082366
Time for spread_infection;0:00:00.123129
Time for expose_population;0:00:00.002296
Time for lambda_leak_expose;0:00:00.003478
Time for update_population;0:00:00.102171
Time for expose_population;0:00:00.083272
Time for spread_infection;0:00:00.123823
Time for expose_population;0:00:00.002387
Time for lambda_leak_expose;0:00:00.003330
Time for update_population;0:00:00.105844
Time for expose_population;0:00:00.079783
Time for spread_infection;0:00:00.118830
Time for expose_population;0:00:00.002298
Time for lambda_leak_expose;0:00:00.003453
Time for update_population;0:00:00.091881
Time for expose_population;0:00:00.073962
Time for spread_infection;0:00:00.113256
Time for expose_population;0:00:00.002312
Time for lambda_leak_expose;0:00:00.003446
Time for update_population;0:00:00.100854
Time for expose_population;0:00:00.077322
Time for spread_infection;0:00:00.116583
Time for expose_population;0:00:00.002332
Time for lambda_leak_expose;0:00:00.003653
Time for update_population;0:00:00.091401
Time for expose_population;0:00:00.077521
Time for spread_infection;0:00:00.115681
Time for expose_population;0:00:00.002276
Time for lambda_leak_expose;0:00:00.003389
Time for update_population;0:00:00.088123
Time for expose_population;0:00:00.068161
Time for spread_infection;0:00:00.104100
Time for expose_population;0:00:00.002272
Time for lambda_leak_expose;0:00:00.003315
Time for update_population;0:00:00.084849
Time for expose_population;0:00:00.067200
Time for spread_infection;0:00:00.102134
Time for expose_population;0:00:00.002255
Time for lambda_leak_expose;0:00:00.003327
Time for update_population;0:00:00.078766
Time for expose_population;0:00:00.065296
Time for spread_infection;0:00:00.097805
Time for expose_population;0:00:00.002238
Time for lambda_leak_expose;0:00:00.003248
Time for update_population;0:00:00.084661
Time for expose_population;0:00:00.062633
Time for spread_infection;0:00:00.095778
Time for expose_population;0:00:00.002239
Time for lambda_leak_expose;0:00:00.003279
Time for update_population;0:00:00.076293
Time for expose_population;0:00:00.056145
Time for spread_infection;0:00:00.089966
Time for expose_population;0:00:00.002296
Time for lambda_leak_expose;0:00:00.003381
Time for update_population;0:00:00.078826
Time for expose_population;0:00:00.055607
Time for spread_infection;0:00:00.087426
Time for expose_population;0:00:00.002467
Time for lambda_leak_expose;0:00:00.004119
Time for update_population;0:00:00.072785
Time for expose_population;0:00:00.051703
Time for spread_infection;0:00:00.082835
Time for expose_population;0:00:00.002572
Time for lambda_leak_expose;0:00:00.003435
Time for update_population;0:00:00.074223
Time for expose_population;0:00:00.053771
Time for spread_infection;0:00:00.083409
Time for expose_population;0:00:00.002400
Time for lambda_leak_expose;0:00:00.003567
Time for update_population;0:00:00.065346
Time for expose_population;0:00:00.046959
Time for spread_infection;0:00:00.075261
Time for expose_population;0:00:00.002359
Time for lambda_leak_expose;0:00:00.003179
Time for update_population;0:00:00.061859
Time for expose_population;0:00:00.051952
Time for spread_infection;0:00:00.079355
Time for expose_population;0:00:00.002240
Time for lambda_leak_expose;0:00:00.003190
Time for update_population;0:00:00.054886
Time for expose_population;0:00:00.043722
Time for spread_infection;0:00:00.068261
Time for expose_population;0:00:00.002343
Time for lambda_leak_expose;0:00:00.003356
Time for update_population;0:00:00.056666
Time for expose_population;0:00:00.041977
Time for spread_infection;0:00:00.065449
Time for expose_population;0:00:00.002232
Time for lambda_leak_expose;0:00:00.002961
Time for update_population;0:00:00.052107
Time for expose_population;0:00:00.041026
Time for spread_infection;0:00:00.063622
Time for expose_population;0:00:00.002212
Time for lambda_leak_expose;0:00:00.002965
Time for update_population;0:00:00.046972
Time for expose_population;0:00:00.035389
Time for spread_infection;0:00:00.056674
Time for expose_population;0:00:00.002177
Time for lambda_leak_expose;0:00:00.003099
Time for update_population;0:00:00.048317
Time for expose_population;0:00:00.037363
Time for spread_infection;0:00:00.057758
Time for expose_population;0:00:00.002403
Time for lambda_leak_expose;0:00:00.003297
Time for update_population;0:00:00.046535
Time for expose_population;0:00:00.035981
Time for spread_infection;0:00:00.056741
Time for expose_population;0:00:00.002255
Time for lambda_leak_expose;0:00:00.003153
Time for update_population;0:00:00.040437
Time for expose_population;0:00:00.032567
Time for spread_infection;0:00:00.051817
Time for expose_population;0:00:00.002342
Time for lambda_leak_expose;0:00:00.003249
Time for update_population;0:00:00.041222
Time for expose_population;0:00:00.030041
Time for spread_infection;0:00:00.047936
Time for expose_population;0:00:00.002203
Time for lambda_leak_expose;0:00:00.002899
Time for update_population;0:00:00.036012
Time for expose_population;0:00:00.030305
Time for spread_infection;0:00:00.047060
Time for expose_population;0:00:00.002218
Time for lambda_leak_expose;0:00:00.003101
Time for update_population;0:00:00.035846
Time for expose_population;0:00:00.028707
Time for spread_infection;0:00:00.045462
Time for expose_population;0:00:00.002233
Time for lambda_leak_expose;0:00:00.003121
Time for update_population;0:00:00.032416
Time for expose_population;0:00:00.027998
Time for spread_infection;0:00:00.043805
Time for expose_population;0:00:00.002256
Time for lambda_leak_expose;0:00:00.002957
Time for update_population;0:00:00.029574
Time for expose_population;0:00:00.024084
Time for spread_infection;0:00:00.039221
Time for expose_population;0:00:00.002265
Time for lambda_leak_expose;0:00:00.003158
Time for update_population;0:00:00.029877
Time for expose_population;0:00:00.025211
Time for spread_infection;0:00:00.040618
Time for expose_population;0:00:00.002189
Time for lambda_leak_expose;0:00:00.003053
Time for update_population;0:00:00.025889
Time for expose_population;0:00:00.023141
Time for spread_infection;0:00:00.037292
Time for expose_population;0:00:00.002241
Time for lambda_leak_expose;0:00:00.003121
Time for update_population;0:00:00.027770
Time for expose_population;0:00:00.021544
Time for spread_infection;0:00:00.035151
Time for expose_population;0:00:00.002332
Time for lambda_leak_expose;0:00:00.003205
Time for update_population;0:00:00.024667
Time for expose_population;0:00:00.022897
Time for spread_infection;0:00:00.036750
Time for expose_population;0:00:00.002232
Time for lambda_leak_expose;0:00:00.002886
Time for update_population;0:00:00.020400
Time for expose_population;0:00:00.020223
Time for spread_infection;0:00:00.032318
Time for expose_population;0:00:00.002200
Time for lambda_leak_expose;0:00:00.002860
Time for update_population;0:00:00.020908
Time for expose_population;0:00:00.018912
Time for spread_infection;0:00:00.030180
Time for expose_population;0:00:00.002238
Time for lambda_leak_expose;0:00:00.003092
Time for update_population;0:00:00.018119
Time for expose_population;0:00:00.019148
Time for spread_infection;0:00:00.030384
Time for expose_population;0:00:00.002434
Time for lambda_leak_expose;0:00:00.003305
Time for update_population;0:00:00.020949
Time for expose_population;0:00:00.016995
Time for spread_infection;0:00:00.028128
Time for expose_population;0:00:00.002247
Time for lambda_leak_expose;0:00:00.003129
Time for update_population;0:00:00.017339
Time for expose_population;0:00:00.017025
Time for spread_infection;0:00:00.027279
Time for expose_population;0:00:00.002265
Time for lambda_leak_expose;0:00:00.003128
Time for update_population;0:00:00.014806
Time for expose_population;0:00:00.016761
Time for spread_infection;0:00:00.026575
Time for expose_population;0:00:00.002297
Time for lambda_leak_expose;0:00:00.003163
Time for update_population;0:00:00.014818
Time for expose_population;0:00:00.016995
Time for spread_infection;0:00:00.026606
Time for expose_population;0:00:00.002242
Time for lambda_leak_expose;0:00:00.003091
Time for update_population;0:00:00.015183
Time for expose_population;0:00:00.017315
Time for spread_infection;0:00:00.027115
Time for expose_population;0:00:00.002387
Time for lambda_leak_expose;0:00:00.003037
Time for update_population;0:00:00.014303
Time for expose_population;0:00:00.016049
Time for spread_infection;0:00:00.025126
Time for expose_population;0:00:00.002296
Time for lambda_leak_expose;0:00:00.003124
Time for update_population;0:00:00.013311
Time for expose_population;0:00:00.015616
Time for spread_infection;0:00:00.024178
Time for expose_population;0:00:00.002247
Time for lambda_leak_expose;0:00:00.003111
Time for update_population;0:00:00.011335
Time for expose_population;0:00:00.015990
Time for spread_infection;0:00:00.024371
Time for expose_population;0:00:00.002204
Time for lambda_leak_expose;0:00:00.002849
Time for update_population;0:00:00.010024
Time for expose_population;0:00:00.007184
Time for spread_infection;0:00:00.014730
Time for expose_population;0:00:00.002205
Time for lambda_leak_expose;0:00:00.003030
Time for update_population;0:00:00.010690
Time for expose_population;0:00:00.008146
Time for spread_infection;0:00:00.015697
Time for expose_population;0:00:00.002250
Time for lambda_leak_expose;0:00:00.003095
Time for update_population;0:00:00.010433
Time for expose_population;0:00:00.007631
Time for spread_infection;0:00:00.015405
Time for expose_population;0:00:00.002317
Time for lambda_leak_expose;0:00:00.003154
Time for update_population;0:00:00.010810
Time for expose_population;0:00:00.006182
Time for spread_infection;0:00:00.014081
Time for expose_population;0:00:00.002286
Time for lambda_leak_expose;0:00:00.003340
Time for update_population;0:00:00.007044
Time for expose_population;0:00:00.006630
Time for spread_infection;0:00:00.013830
Time for expose_population;0:00:00.002490
Time for lambda_leak_expose;0:00:00.003528
Time for update_population;0:00:00.008744
Time for expose_population;0:00:00.006531
Time for spread_infection;0:00:00.013882
Time for expose_population;0:00:00.002258
Time for lambda_leak_expose;0:00:00.003142
Time for update_population;0:00:00.006653
Time for expose_population;0:00:00.005037
Time for spread_infection;0:00:00.011823
Time for expose_population;0:00:00.002247
Time for lambda_leak_expose;0:00:00.002844
Time for update_population;0:00:00.005717
Time for expose_population;0:00:00.004409
Time for spread_infection;0:00:00.011086
Time for expose_population;0:00:00.002262
Time for lambda_leak_expose;0:00:00.003107
Time for update_population;0:00:00.007998
Time for expose_population;0:00:00.005383
Time for spread_infection;0:00:00.011974
Time for expose_population;0:00:00.002268
Time for lambda_leak_expose;0:00:00.002891
Time for update_population;0:00:00.006962
Time for expose_population;0:00:00.004501
Time for spread_infection;0:00:00.011224
Time for expose_population;0:00:00.002316
Time for lambda_leak_expose;0:00:00.003092
Time for update_population;0:00:00.005977
Time for expose_population;0:00:00.004190
Time for spread_infection;0:00:00.010789
Time for expose_population;0:00:00.002375
Time for lambda_leak_expose;0:00:00.003291
Time for update_population;0:00:00.006675
Time for expose_population;0:00:00.004210
Time for spread_infection;0:00:00.010824
Time for expose_population;0:00:00.002303
Time for lambda_leak_expose;0:00:00.003155
Time for update_population;0:00:00.005800
Time for expose_population;0:00:00.004131
Time for spread_infection;0:00:00.010453
Time for expose_population;0:00:00.002237
Time for lambda_leak_expose;0:00:00.002871
Time for update_population;0:00:00.005829
Time for expose_population;0:00:00.003206
Time for spread_infection;0:00:00.009635
Time for expose_population;0:00:00.002304
Time for lambda_leak_expose;0:00:00.003170
Time for update_population;0:00:00.005174
Time for expose_population;0:00:00.003702
Time for spread_infection;0:00:00.009756
Time for expose_population;0:00:00.002351
Time for lambda_leak_expose;0:00:00.003268
Time for update_population;0:00:00.005127
Time for expose_population;0:00:00.004190
Time for spread_infection;0:00:00.010143
Time for expose_population;0:00:00.002223
Time for lambda_leak_expose;0:00:00.003070
Time for update_population;0:00:00.003728
Time for expose_population;0:00:00.002843
Time for spread_infection;0:00:00.008894
Time for expose_population;0:00:00.002263
Time for lambda_leak_expose;0:00:00.002915
Time for update_population;0:00:00.003966
Time for expose_population;0:00:00.002598
Time for spread_infection;0:00:00.004860
Time for expose_population;0:00:00.002248
Time for lambda_leak_expose;0:00:00.003086
Time for update_population;0:00:00.005056
Time for expose_population;0:00:00.003159
Time for spread_infection;0:00:00.008826
Time for expose_population;0:00:00.002243
Time for lambda_leak_expose;0:00:00.003092
Time for update_population;0:00:00.003039
Time for expose_population;0:00:00.002920
Time for spread_infection;0:00:00.005088
Time for expose_population;0:00:00.002245
Time for lambda_leak_expose;0:00:00.002859
Time for update_population;0:00:00.004598
Time for expose_population;0:00:00.003215
Time for spread_infection;0:00:00.005126
Time for expose_population;0:00:00.002245
Time for lambda_leak_expose;0:00:00.003088
Time for update_population;0:00:00.003283
Time for expose_population;0:00:00.001691
Time for spread_infection;0:00:00.003622
Time for expose_population;0:00:00.002285
Time for lambda_leak_expose;0:00:00.003107
Time for update_population;0:00:00.003762
Time for expose_population;0:00:00.002962
Time for spread_infection;0:00:00.004753
Time for expose_population;0:00:00.002346
Time for lambda_leak_expose;0:00:00.003159
Time for update_population;0:00:00.003649
Time for expose_population;0:00:00.002327
Time for spread_infection;0:00:00.004013
Time for expose_population;0:00:00.002273
Time for lambda_leak_expose;0:00:00.003108
Time for update_population;0:00:00.003993
Time for expose_population;0:00:00.002220
Time for spread_infection;0:00:00.003929
Time for expose_population;0:00:00.002239
Time for lambda_leak_expose;0:00:00.003257
Time for update_population;0:00:00.003144
Time for expose_population;0:00:00.002250
Time for spread_infection;0:00:00.003926
Time for expose_population;0:00:00.002220
Time for lambda_leak_expose;0:00:00.003047
Time for update_population;0:00:00.003336
Time for expose_population;0:00:00.002101
Time for spread_infection;0:00:00.003666
Time for expose_population;0:00:00.002218
Time for lambda_leak_expose;0:00:00.003031
Time for update_population;0:00:00.002819
Time for expose_population;0:00:00.001985
Time for spread_infection;0:00:00.003267
Time for expose_population;0:00:00.002550
Time for lambda_leak_expose;0:00:00.003466
Time for update_population;0:00:00.003000
Time for expose_population;0:00:00.002099
Time for spread_infection;0:00:00.003485
Time for expose_population;0:00:00.002469
Time for lambda_leak_expose;0:00:00.003304
Time for update_population;0:00:00.003002
Time for expose_population;0:00:00.002226
Time for spread_infection;0:00:00.003783
Time for expose_population;0:00:00.002271
Time for lambda_leak_expose;0:00:00.003092
Time for update_population;0:00:00.003137
Time for expose_population;0:00:00.001973
Time for spread_infection;0:00:00.003296
Time for expose_population;0:00:00.002239
Time for lambda_leak_expose;0:00:00.002999
Time for update_population;0:00:00.002801
Time for expose_population;0:00:00.002122
Time for spread_infection;0:00:00.003527
Time for expose_population;0:00:00.002258
Time for lambda_leak_expose;0:00:00.003096
Time for update_population;0:00:00.002304
Time for expose_population;0:00:00.001708
Time for spread_infection;0:00:00.003043
Time for expose_population;0:00:00.002482
Time for lambda_leak_expose;0:00:00.003143
Time for update_population;0:00:00.002763
Time for expose_population;0:00:00.001925
Time for spread_infection;0:00:00.003065
Time for expose_population;0:00:00.002282
Time for lambda_leak_expose;0:00:00.003332
Time for update_population;0:00:00.002618
Time for expose_population;0:00:00.001821
Time for spread_infection;0:00:00.002933
Time for expose_population;0:00:00.002815
Time for lambda_leak_expose;0:00:00.003559
Time for update_population;0:00:00.002357
Time for expose_population;0:00:00.001733
Time for spread_infection;0:00:00.002992
Time for expose_population;0:00:00.002253
Time for lambda_leak_expose;0:00:00.003056
Time for update_population;0:00:00.002622
Time for spread_infection;0:00:00.001005
Time for expose_population;0:00:00.001663
Time for lambda_leak_expose;0:00:00.002341
Time for update_population;0:00:00.003748
Time for expose_population;0:00:00.001623
Time for spread_infection;0:00:00.002709
Time for expose_population;0:00:00.002247
Time for lambda_leak_expose;0:00:00.003062
Time for update_population;0:00:00.002085
Time for expose_population;0:00:00.001632
Time for spread_infection;0:00:00.002681
Time for expose_population;0:00:00.002242
Time for lambda_leak_expose;0:00:00.003067
Time for update_population;0:00:00.002271
Time for expose_population;0:00:00.002056
Time for spread_infection;0:00:00.003113
Time for expose_population;0:00:00.002296
Time for lambda_leak_expose;0:00:00.003129
Time for update_population;0:00:00.001810
Time for spread_infection;0:00:00.000958
Time for expose_population;0:00:00.001626
Time for lambda_leak_expose;0:00:00.002303
Time for update_population;0:00:00.003133
Time for expose_population;0:00:00.002036
Time for spread_infection;0:00:00.003117
Time for expose_population;0:00:00.002396
Time for lambda_leak_expose;0:00:00.003240
Time for update_population;0:00:00.002325
Time for expose_population;0:00:00.002048
Time for spread_infection;0:00:00.002960
Time for expose_population;0:00:00.002329
Time for lambda_leak_expose;0:00:00.003157
Time for update_population;0:00:00.002698
Time for expose_population;0:00:00.001473
Time for spread_infection;0:00:00.002410
Time for expose_population;0:00:00.002256
Time for lambda_leak_expose;0:00:00.003081
Time for update_population;0:00:00.002556
Time for expose_population;0:00:00.001850
Time for spread_infection;0:00:00.002810
Time for expose_population;0:00:00.001728
Time for lambda_leak_expose;0:00:00.002578
Time for update_population;0:00:00.002157
Time for expose_population;0:00:00.002044
Time for spread_infection;0:00:00.002898
Time for expose_population;0:00:00.002347
Time for lambda_leak_expose;0:00:00.003232
Time for update_population;0:00:00.002475
Time for expose_population;0:00:00.001480
Time for spread_infection;0:00:00.002371
Time for expose_population;0:00:00.002231
Time for lambda_leak_expose;0:00:00.003224
Time for update_population;0:00:00.002115
Time for expose_population;0:00:00.001800
Time for spread_infection;0:00:00.002806
Time for expose_population;0:00:00.001682
Time for lambda_leak_expose;0:00:00.002549
Time for update_population;0:00:00.002117
Time for spread_infection;0:00:00.000840
Time for expose_population;0:00:00.001614
Time for lambda_leak_expose;0:00:00.002289
Time for update_population;0:00:00.002756
Time for expose_population;0:00:00.001748
Time for spread_infection;0:00:00.002925
Time for expose_population;0:00:00.002245
Time for lambda_leak_expose;0:00:00.003097
Time for update_population;0:00:00.002271
Time for expose_population;0:00:00.001749
Time for spread_infection;0:00:00.002654
Time for expose_population;0:00:00.002514
Time for lambda_leak_expose;0:00:00.003377
Time for update_population;0:00:00.002848
Time for spread_infection;0:00:00.000898
Time for expose_population;0:00:00.001608
Time for lambda_leak_expose;0:00:00.002288
Time for update_population;0:00:00.002498
Time for expose_population;0:00:00.001827
Time for spread_infection;0:00:00.002872
Time for expose_population;0:00:00.002242
Time for lambda_leak_expose;0:00:00.003041
Time for update_population;0:00:00.001873
Time for expose_population;0:00:00.001780
Time for spread_infection;0:00:00.002681
Time for expose_population;0:00:00.002431
Time for lambda_leak_expose;0:00:00.003234
Time for update_population;0:00:00.002270
Time for expose_population;0:00:00.001947
Time for spread_infection;0:00:00.002769
Time for expose_population;0:00:00.002256
Time for lambda_leak_expose;0:00:00.003082
Time for update_population;0:00:00.001674
Time for expose_population;0:00:00.002255
Time for spread_infection;0:00:00.003124
Time for expose_population;0:00:00.002284
Time for lambda_leak_expose;0:00:00.003002
Time for update_population;0:00:00.002423
Time for expose_population;0:00:00.001508
Time for spread_infection;0:00:00.002319
Time for expose_population;0:00:00.002491
Time for lambda_leak_expose;0:00:00.003317
Time for update_population;0:00:00.002430
Time for expose_population;0:00:00.001779
Time for spread_infection;0:00:00.002581
Time for expose_population;0:00:00.001648
Time for lambda_leak_expose;0:00:00.002471
Time for update_population;0:00:00.002393
Time for expose_population;0:00:00.001895
Time for spread_infection;0:00:00.002869
Time for expose_population;0:00:00.002249
Time for lambda_leak_expose;0:00:00.003051
Time for update_population;0:00:00.001923
Time for expose_population;0:00:00.001764
Time for spread_infection;0:00:00.002636
Time for expose_population;0:00:00.002452
Time for lambda_leak_expose;0:00:00.003296
Time for update_population;0:00:00.002668
Time for expose_population;0:00:00.001918
Time for spread_infection;0:00:00.003055
Time for expose_population;0:00:00.002237
Time for lambda_leak_expose;0:00:00.002844
Time for update_population;0:00:00.002267
Time for expose_population;0:00:00.002269
Time for spread_infection;0:00:00.003285
Time for expose_population;0:00:00.002263
Time for lambda_leak_expose;0:00:00.003099
Time for update_population;0:00:00.002594
Time for expose_population;0:00:00.001583
Time for spread_infection;0:00:00.002501
Time for expose_population;0:00:00.002511
Time for lambda_leak_expose;0:00:00.003256
Time for update_population;0:00:00.002088
Time for expose_population;0:00:00.002070
Time for spread_infection;0:00:00.002984
Time for expose_population;0:00:00.001743
Time for lambda_leak_expose;0:00:00.002742
Time for update_population;0:00:00.002135
Time for expose_population;0:00:00.001930
Time for spread_infection;0:00:00.002882
Time for expose_population;0:00:00.002513
Time for lambda_leak_expose;0:00:00.003379
Time for update_population;0:00:00.001976
Time for expose_population;0:00:00.001875
Time for spread_infection;0:00:00.002950
Time for expose_population;0:00:00.002548
Time for lambda_leak_expose;0:00:00.003383
Time for update_population;0:00:00.001936
Time for expose_population;0:00:00.001645
Time for spread_infection;0:00:00.002721
Time for expose_population;0:00:00.002259
Time for lambda_leak_expose;0:00:00.002917
Time for update_population;0:00:00.002633
Time for expose_population;0:00:00.001842
Time for spread_infection;0:00:00.002921
Time for expose_population;0:00:00.002254
Time for lambda_leak_expose;0:00:00.003059
Time for update_population;0:00:00.002702
Time for expose_population;0:00:00.001878
Time for spread_infection;0:00:00.002856
Time for expose_population;0:00:00.002365
Time for lambda_leak_expose;0:00:00.003430
Time for update_population;0:00:00.001730
Time for expose_population;0:00:00.001590
Time for spread_infection;0:00:00.002547
Time for expose_population;0:00:00.002299
Time for lambda_leak_expose;0:00:00.002925
Time for update_population;0:00:00.002891
Time for expose_population;0:00:00.002071
Time for spread_infection;0:00:00.002929
Time for expose_population;0:00:00.002249
Time for lambda_leak_expose;0:00:00.002999
Time for update_population;0:00:00.002127
Time for expose_population;0:00:00.001814
Time for spread_infection;0:00:00.002757
Time for expose_population;0:00:00.001771
Time for lambda_leak_expose;0:00:00.002669
Time for update_population;0:00:00.002464
Time for expose_population;0:00:00.001908
Time for spread_infection;0:00:00.002849
Time for expose_population;0:00:00.002377
Time for lambda_leak_expose;0:00:00.002993
Time for update_population;0:00:00.002328
Time for expose_population;0:00:00.002330
Time for spread_infection;0:00:00.003519
Time for expose_population;0:00:00.002240
Time for lambda_leak_expose;0:00:00.002880
Time for update_population;0:00:00.002450
Time for spread_infection;0:00:00.000885
Time for expose_population;0:00:00.001834
Time for lambda_leak_expose;0:00:00.002781
Time for update_population;0:00:00.002570
Time for spread_infection;0:00:00.000843
Time for expose_population;0:00:00.001608
Time for lambda_leak_expose;0:00:00.002247
Time for update_population;0:00:00.003107
Time for expose_population;0:00:00.001706
Time for spread_infection;0:00:00.002804
Time for expose_population;0:00:00.002236
Time for lambda_leak_expose;0:00:00.003240
Time for update_population;0:00:00.002216
Time for expose_population;0:00:00.002118
Time for spread_infection;0:00:00.003029
Time for expose_population;0:00:00.002805
Time for lambda_leak_expose;0:00:00.003461
Time for update_population;0:00:00.002387
Time for expose_population;0:00:00.002058
Time for spread_infection;0:00:00.003050
Time for expose_population;0:00:00.001648
Time for lambda_leak_expose;0:00:00.002470
Time for update_population;0:00:00.002504
Time for expose_population;0:00:00.001636
Time for spread_infection;0:00:00.002660
Time for expose_population;0:00:00.002211
Time for lambda_leak_expose;0:00:00.003045
Time for update_population;0:00:00.002121
Time for expose_population;0:00:00.001915
Time for spread_infection;0:00:00.002811
Time for expose_population;0:00:00.002420
Time for lambda_leak_expose;0:00:00.003282
Time for update_population;0:00:00.002175
Time for spread_infection;0:00:00.000852
Time for expose_population;0:00:00.001592
Time for lambda_leak_expose;0:00:00.002261
Time for update_population;0:00:00.003006
Time for spread_infection;0:00:00.001034
Time for expose_population;0:00:00.001745
Time for lambda_leak_expose;0:00:00.002525
Time for update_population;0:00:00.002524
Time for expose_population;0:00:00.001875
Time for spread_infection;0:00:00.002817
Time for expose_population;0:00:00.002331
Time for lambda_leak_expose;0:00:00.003163
Time for update_population;0:00:00.002297
Time for expose_population;0:00:00.001610
Time for spread_infection;0:00:00.002519
Time for expose_population;0:00:00.002195
Time for lambda_leak_expose;0:00:00.003011
Time for update_population;0:00:00.002356
Time for expose_population;0:00:00.002250
Time for spread_infection;0:00:00.003153
Time for expose_population;0:00:00.002294
Time for lambda_leak_expose;0:00:00.003158
Time for update_population;0:00:00.002147
Time for expose_population;0:00:00.001606
Time for spread_infection;0:00:00.002401
Time for expose_population;0:00:00.001773
Time for lambda_leak_expose;0:00:00.002594
Time for update_population;0:00:00.002629
Time for expose_population;0:00:00.001941
Time for spread_infection;0:00:00.002898
Time for expose_population;0:00:00.002256
Time for lambda_leak_expose;0:00:00.002998
Time for update_population;0:00:00.002271
Time for expose_population;0:00:00.001913
Time for spread_infection;0:00:00.002875
Time for expose_population;0:00:00.002482
Time for lambda_leak_expose;0:00:00.003328
Time for update_population;0:00:00.002051
Time for expose_population;0:00:00.001943
Time for spread_infection;0:00:00.003001
Time for expose_population;0:00:00.002461
Time for lambda_leak_expose;0:00:00.003167
Time for update_population;0:00:00.002501
Time for expose_population;0:00:00.002045
Time for spread_infection;0:00:00.002919
Time for expose_population;0:00:00.002256
Time for lambda_leak_expose;0:00:00.003077
Time for update_population;0:00:00.002556
Time for expose_population;0:00:00.002317
Time for spread_infection;0:00:00.003492
Time for expose_population;0:00:00.001649
Time for lambda_leak_expose;0:00:00.002247
Time for update_population;0:00:00.002221
Time for expose_population;0:00:00.001880
Time for spread_infection;0:00:00.002786
Time for expose_population;0:00:00.002506
Time for lambda_leak_expose;0:00:00.003339
Time for update_population;0:00:00.002306
Time for expose_population;0:00:00.001750
Time for spread_infection;0:00:00.002671
Time for expose_population;0:00:00.002255
Time for lambda_leak_expose;0:00:00.002988
Time for update_population;0:00:00.002455
Time for expose_population;0:00:00.002028
Time for spread_infection;0:00:00.003150
Time for expose_population;0:00:00.002226
Time for lambda_leak_expose;0:00:00.003022
Time for update_population;0:00:00.002289
Time for expose_population;0:00:00.002225
Time for spread_infection;0:00:00.003235
Time for expose_population;0:00:00.002396
Time for lambda_leak_expose;0:00:00.003289
Time for update_population;0:00:00.002456
Time for expose_population;0:00:00.001627
Time for spread_infection;0:00:00.002554
Time for expose_population;0:00:00.001731
Time for lambda_leak_expose;0:00:00.002558
Time for update_population;0:00:00.002148
Time for expose_population;0:00:00.001651
Time for spread_infection;0:00:00.002602
Time for expose_population;0:00:00.002217
Time for lambda_leak_expose;0:00:00.002997
Time for update_population;0:00:00.002022
Time for expose_population;0:00:00.001930
Time for spread_infection;0:00:00.002900
Time for expose_population;0:00:00.002816
Time for lambda_leak_expose;0:00:00.003489
Time for update_population;0:00:00.002255
Time for expose_population;0:00:00.002028
Time for spread_infection;0:00:00.002876
Time for expose_population;0:00:00.002369
Time for lambda_leak_expose;0:00:00.003175
Time for update_population;0:00:00.002610
Time for expose_population;0:00:00.001781
Time for spread_infection;0:00:00.002729
Time for expose_population;0:00:00.001628
Time for lambda_leak_expose;0:00:00.002569
Time for update_population;0:00:00.002476
Time for expose_population;0:00:00.002447
Time for spread_infection;0:00:00.003548
Time for expose_population;0:00:00.002269
Time for lambda_leak_expose;0:00:00.003095
Time for update_population;0:00:00.002146
Time for expose_population;0:00:00.002104
Time for spread_infection;0:00:00.003078
Time for expose_population;0:00:00.002348
Time for lambda_leak_expose;0:00:00.003387
Time for update_population;0:00:00.002848
Time for spread_infection;0:00:00.000867
Time for expose_population;0:00:00.001610
Time for lambda_leak_expose;0:00:00.002284
Time for update_population;0:00:00.002743
Time for expose_population;0:00:00.001818
Time for spread_infection;0:00:00.002986
Time for expose_population;0:00:00.002322
Time for lambda_leak_expose;0:00:00.002979
Time for update_population;0:00:00.002028
Time for expose_population;0:00:00.001572
Time for spread_infection;0:00:00.002456
Time for expose_population;0:00:00.002287
Time for lambda_leak_expose;0:00:00.003071
Time for update_population;0:00:00.002514
Time for expose_population;0:00:00.002243
Time for spread_infection;0:00:00.003346
Time for expose_population;0:00:00.002230
Time for lambda_leak_expose;0:00:00.002978
Time for update_population;0:00:00.002200
Time for spread_infection;0:00:00.001066
Time for expose_population;0:00:00.001880
Time for lambda_leak_expose;0:00:00.002610
Time for update_population;0:00:00.003053
Time for spread_infection;0:00:00.000810
Time for expose_population;0:00:00.001608
Time for lambda_leak_expose;0:00:00.002281
Time for update_population;0:00:00.003262
Time for expose_population;0:00:00.001746
Time for spread_infection;0:00:00.002934
Time for expose_population;0:00:00.002224
Time for lambda_leak_expose;0:00:00.003217
Time for update_population;0:00:00.002178
Time for expose_population;0:00:00.001685
Time for spread_infection;0:00:00.002577
Time for expose_population;0:00:00.002312
Time for lambda_leak_expose;0:00:00.003109
Time for update_population;0:00:00.002145
Time for spread_infection;0:00:00.001087
Time for expose_population;0:00:00.001668
Time for lambda_leak_expose;0:00:00.002380
Time for update_population;0:00:00.003136
Time for expose_population;0:00:00.002256
Time for spread_infection;0:00:00.003261
Time for expose_population;0:00:00.002251
Time for lambda_leak_expose;0:00:00.003060
Time for update_population;0:00:00.002269
Time for expose_population;0:00:00.002245
Time for spread_infection;0:00:00.003198
Time for expose_population;0:00:00.002474
Time for lambda_leak_expose;0:00:00.003550
Time for update_population;0:00:00.001832
Time for expose_population;0:00:00.001744
Time for spread_infection;0:00:00.002684
Time for expose_population;0:00:00.002235
Time for lambda_leak_expose;0:00:00.003050
Time for update_population;0:00:00.002193
Time for expose_population;0:00:00.001697
Time for spread_infection;0:00:00.002657
Time for expose_population;0:00:00.002218
Time for lambda_leak_expose;0:00:00.003049
Time for update_population;0:00:00.002143
Time for expose_population;0:00:00.001641
Time for spread_infection;0:00:00.002411
Time for expose_population;0:00:00.002500
Time for lambda_leak_expose;0:00:00.003372
Time for update_population;0:00:00.002323
Time for expose_population;0:00:00.001594
Time for spread_infection;0:00:00.002437
Time for expose_population;0:00:00.002220
Time for lambda_leak_expose;0:00:00.002947
Time for update_population;0:00:00.002153
Time for expose_population;0:00:00.001871
Time for spread_infection;0:00:00.002857
Time for expose_population;0:00:00.002211
Time for lambda_leak_expose;0:00:00.003015
Time for update_population;0:00:00.002330
Time for spread_infection;0:00:00.000525
Time for expose_population;0:00:00.001708
Time for lambda_leak_expose;0:00:00.002384
Time for update_population;0:00:00.003038
Time for expose_population;0:00:00.001656
Time for spread_infection;0:00:00.002485
Time for expose_population;0:00:00.002201
Time for lambda_leak_expose;0:00:00.003025
Time for update_population;0:00:00.002706
Time for expose_population;0:00:00.002117
Time for spread_infection;0:00:00.003075
Time for expose_population;0:00:00.002248
Time for lambda_leak_expose;0:00:00.003049
Time for update_population;0:00:00.002130
Time for spread_infection;0:00:00.000774
Time for expose_population;0:00:00.001611
Time for lambda_leak_expose;0:00:00.002280
Time for update_population;0:00:00.002708
Time for expose_population;0:00:00.001669
Time for spread_infection;0:00:00.002668
Time for expose_population;0:00:00.002219
Time for lambda_leak_expose;0:00:00.003019
Time for update_population;0:00:00.002252
Time for expose_population;0:00:00.001538
Time for spread_infection;0:00:00.002519
Time for expose_population;0:00:00.002514
Time for lambda_leak_expose;0:00:00.003383
Time for update_population;0:00:00.002110
Time for expose_population;0:00:00.001593
Time for spread_infection;0:00:00.002366
Time for expose_population;0:00:00.002235
Time for lambda_leak_expose;0:00:00.003246
Time for update_population;0:00:00.002486
Time for expose_population;0:00:00.001662
Time for spread_infection;0:00:00.002869
Time for expose_population;0:00:00.002211
Time for lambda_leak_expose;0:00:00.002856
Time for update_population;0:00:00.002216
Time for expose_population;0:00:00.002001
Time for spread_infection;0:00:00.002826
Time for expose_population;0:00:00.002535
Time for lambda_leak_expose;0:00:00.003376
Time for update_population;0:00:00.001963
Time for spread_infection;0:00:00.000780
Time for expose_population;0:00:00.001596
Time for lambda_leak_expose;0:00:00.002268
Time for update_population;0:00:00.002780
Time for expose_population;0:00:00.001969
Time for spread_infection;0:00:00.002930
Time for expose_population;0:00:00.002229
Time for lambda_leak_expose;0:00:00.003054
Time for update_population;0:00:00.002036
Time for spread_infection;0:00:00.000717
Time for expose_population;0:00:00.001622
Time for lambda_leak_expose;0:00:00.002286
Time for update_population;0:00:00.003002
Time for expose_population;0:00:00.001483
Time for spread_infection;0:00:00.002372
Time for expose_population;0:00:00.002220
Time for lambda_leak_expose;0:00:00.003060
Time for update_population;0:00:00.002224
Time for expose_population;0:00:00.001546
Time for spread_infection;0:00:00.002396
Time for expose_population;0:00:00.002484
Time for lambda_leak_expose;0:00:00.003535
Time for update_population;0:00:00.002479
Time for spread_infection;0:00:00.000868
Time for expose_population;0:00:00.001677
Time for lambda_leak_expose;0:00:00.002373
Time for update_population;0:00:00.002865
Time for spread_infection;0:00:00.000901
Time for expose_population;0:00:00.001919
Time for lambda_leak_expose;0:00:00.002637
Time for update_population;0:00:00.002618
Time for expose_population;0:00:00.001469
Time for spread_infection;0:00:00.002246
Time for expose_population;0:00:00.002373
Time for lambda_leak_expose;0:00:00.003205
Time for update_population;0:00:00.002377
Time for expose_population;0:00:00.001622
Time for spread_infection;0:00:00.002375
Time for expose_population;0:00:00.002210
Time for lambda_leak_expose;0:00:00.003030
Time for update_population;0:00:00.002121
Time for expose_population;0:00:00.001568
Time for spread_infection;0:00:00.002297
Time for expose_population;0:00:00.002547
Time for lambda_leak_expose;0:00:00.003242
Time for update_population;0:00:00.002067
Time for expose_population;0:00:00.001604
Time for spread_infection;0:00:00.002429
Time for expose_population;0:00:00.002290
Time for lambda_leak_expose;0:00:00.003109
Time for update_population;0:00:00.002429
Time for expose_population;0:00:00.001809
Time for spread_infection;0:00:00.002705
Time for expose_population;0:00:00.002240
Time for lambda_leak_expose;0:00:00.003258
Time for update_population;0:00:00.001876
Time for expose_population;0:00:00.001906
Time for spread_infection;0:00:00.002807
Time for expose_population;0:00:00.002394
Time for lambda_leak_expose;0:00:00.003250
Time for update_population;0:00:00.002118
Time for spread_infection;0:00:00.000791
Time for expose_population;0:00:00.001622
Time for lambda_leak_expose;0:00:00.002204
Time for update_population;0:00:00.002547
Time for expose_population;0:00:00.001848
Time for spread_infection;0:00:00.002818
Time for expose_population;0:00:00.002216
Time for lambda_leak_expose;0:00:00.003015
Time for update_population;0:00:00.001598
Time for spread_infection;0:00:00.000839
Time for expose_population;0:00:00.001662
Time for lambda_leak_expose;0:00:00.002338
Time for update_population;0:00:00.003037
Time for expose_population;0:00:00.001670
Time for spread_infection;0:00:00.002519
Time for expose_population;0:00:00.002220
Time for lambda_leak_expose;0:00:00.003043
Time for update_population;0:00:00.002222
Time for expose_population;0:00:00.001580
Time for spread_infection;0:00:00.002387
Time for expose_population;0:00:00.002541
Time for lambda_leak_expose;0:00:00.003374
Time for update_population;0:00:00.002707
Time for expose_population;0:00:00.002048
Time for spread_infection;0:00:00.002961
Time for expose_population;0:00:00.002338
Time for lambda_leak_expose;0:00:00.003067
Time for update_population;0:00:00.002136
Time for expose_population;0:00:00.001489
Time for spread_infection;0:00:00.002316
Time for expose_population;0:00:00.002244
Time for lambda_leak_expose;0:00:00.003014
Time for update_population;0:00:00.002352
Time for expose_population;0:00:00.001574
Time for spread_infection;0:00:00.002452
Time for expose_population;0:00:00.002508
Time for lambda_leak_expose;0:00:00.003384
Time for update_population;0:00:00.001799
Time for expose_population;0:00:00.001611
Time for spread_infection;0:00:00.002394
Time for expose_population;0:00:00.002307
Time for lambda_leak_expose;0:00:00.003112
Time for update_population;0:00:00.002822
Time for expose_population;0:00:00.001476
Time for spread_infection;0:00:00.002353
Time for expose_population;0:00:00.002253
Time for lambda_leak_expose;0:00:00.003002
Time for update_population;0:00:00.001883
Time for expose_population;0:00:00.001532
Time for spread_infection;0:00:00.002321
Time for expose_population;0:00:00.002486
Time for lambda_leak_expose;0:00:00.003309
Time for update_population;0:00:00.002349
Time for expose_population;0:00:00.001753
Time for spread_infection;0:00:00.002619
Time for expose_population;0:00:00.002269
Time for lambda_leak_expose;0:00:00.003311
Time for update_population;0:00:00.002322
Time for expose_population;0:00:00.001660
Time for spread_infection;0:00:00.002575
Time for expose_population;0:00:00.002212
Time for lambda_leak_expose;0:00:00.003040
Time for update_population;0:00:00.001998
Time for expose_population;0:00:00.001499
Time for spread_infection;0:00:00.002352
Time for expose_population;0:00:00.002466
Time for lambda_leak_expose;0:00:00.003319
Time for update_population;0:00:00.002090
Time for expose_population;0:00:00.001599
Time for spread_infection;0:00:00.002374
Time for expose_population;0:00:00.002220
Time for lambda_leak_expose;0:00:00.002943
Time for update_population;0:00:00.002427
Time for expose_population;0:00:00.001723
Time for spread_infection;0:00:00.002753
Time for expose_population;0:00:00.002249
Time for lambda_leak_expose;0:00:00.003254
Time for update_population;0:00:00.002557
Time for expose_population;0:00:00.002181
Time for spread_infection;0:00:00.003140
Time for expose_population;0:00:00.002415
Time for lambda_leak_expose;0:00:00.003027
Time for update_population;0:00:00.002361
Time for expose_population;0:00:00.001821
Time for spread_infection;0:00:00.002777
Time for expose_population;0:00:00.002350
Time for lambda_leak_expose;0:00:00.003152
Time for update_population;0:00:00.002033
Time for expose_population;0:00:00.001532
Time for spread_infection;0:00:00.002356
Time for expose_population;0:00:00.002299
Time for lambda_leak_expose;0:00:00.003114
Time for update_population;0:00:00.002699
Time for expose_population;0:00:00.002082
Time for spread_infection;0:00:00.002987
Time for expose_population;0:00:00.002416
Time for lambda_leak_expose;0:00:00.003264
Time for update_population;0:00:00.001858
Time for expose_population;0:00:00.001447
Time for spread_infection;0:00:00.002334
Time for expose_population;0:00:00.002331
Time for lambda_leak_expose;0:00:00.003071
Time for update_population;0:00:00.002595
Time for expose_population;0:00:00.001482
Time for spread_infection;0:00:00.002372
Time for expose_population;0:00:00.002255
Time for lambda_leak_expose;0:00:00.003179
Time for update_population;0:00:00.002017
Time for spread_infection;0:00:00.000935
Time for expose_population;0:00:00.001920
Time for lambda_leak_expose;0:00:00.002640
Time for update_population;0:00:00.002730
Time for expose_population;0:00:00.001481
Time for spread_infection;0:00:00.002293
Time for expose_population;0:00:00.002267
Time for lambda_leak_expose;0:00:00.003188
Time for update_population;0:00:00.002245
Time for expose_population;0:00:00.001843
Time for spread_infection;0:00:00.003017
Time for expose_population;0:00:00.002251
Time for lambda_leak_expose;0:00:00.002861
Time for update_population;0:00:00.001930
Time for expose_population;0:00:00.001456
Time for spread_infection;0:00:00.002270
Time for expose_population;0:00:00.002466
Time for lambda_leak_expose;0:00:00.003320
Time for update_population;0:00:00.002562
Time for spread_infection;0:00:00.000823
Time for expose_population;0:00:00.001649
Time for lambda_leak_expose;0:00:00.002314
Time for update_population;0:00:00.003075
Time for expose_population;0:00:00.001705
Time for spread_infection;0:00:00.002654
Time for expose_population;0:00:00.002378
Time for lambda_leak_expose;0:00:00.003255
Time for update_population;0:00:00.002131
Time for expose_population;0:00:00.001936
Time for spread_infection;0:00:00.002883
Time for expose_population;0:00:00.002348
Time for lambda_leak_expose;0:00:00.002951
Time for update_population;0:00:00.002720
Time for expose_population;0:00:00.001457
Time for spread_infection;0:00:00.002351
Time for expose_population;0:00:00.002244
Time for lambda_leak_expose;0:00:00.003054
Time for update_population;0:00:00.001811
Time for expose_population;0:00:00.001693
Time for spread_infection;0:00:00.002547
Time for expose_population;0:00:00.002376
Time for lambda_leak_expose;0:00:00.003193
Time for update_population;0:00:00.002119
Time for expose_population;0:00:00.001440
Time for spread_infection;0:00:00.002256
Time for expose_population;0:00:00.002292
Time for lambda_leak_expose;0:00:00.003116
Time for update_population;0:00:00.002056
Time for spread_infection;0:00:00.000811
Time for expose_population;0:00:00.001687
Time for lambda_leak_expose;0:00:00.002352
Time for update_population;0:00:00.002851
Time for expose_population;0:00:00.001487
Time for spread_infection;0:00:00.002515
Time for expose_population;0:00:00.002465
Time for lambda_leak_expose;0:00:00.003123
Time for update_population;0:00:00.002199
Time for expose_population;0:00:00.001774
Time for spread_infection;0:00:00.002574
Time for expose_population;0:00:00.002237
Time for lambda_leak_expose;0:00:00.002832
Time for update_population;0:00:00.002074
Time for expose_population;0:00:00.001863
Time for spread_infection;0:00:00.002780
Time for expose_population;0:00:00.002250
Time for lambda_leak_expose;0:00:00.003093
Time for update_population;0:00:00.002117
Time for expose_population;0:00:00.001836
Time for spread_infection;0:00:00.002768
Time for expose_population;0:00:00.002472
Time for lambda_leak_expose;0:00:00.003313
Time for update_population;0:00:00.001973
Time for expose_population;0:00:00.001446
Time for spread_infection;0:00:00.002190
Time for expose_population;0:00:00.002249
Time for lambda_leak_expose;0:00:00.003207
Time for update_population;0:00:00.001833
Time for spread_infection;0:00:00.000851
Time for expose_population;0:00:00.001870
Time for lambda_leak_expose;0:00:00.002613
Time for update_population;0:00:00.002868
Time for expose_population;0:00:00.001584
Time for spread_infection;0:00:00.002835
Time for expose_population;0:00:00.002359
Time for lambda_leak_expose;0:00:00.003203
Time for update_population;0:00:00.001827
Time for expose_population;0:00:00.001799
Time for spread_infection;0:00:00.002647
Time for expose_population;0:00:00.002283
Time for lambda_leak_expose;0:00:00.003095
Time for update_population;0:00:00.002230
Time for expose_population;0:00:00.001789
Time for spread_infection;0:00:00.002675
Time for expose_population;0:00:00.002410
Time for lambda_leak_expose;0:00:00.003504
Time for update_population;0:00:00.002072
Time for spread_infection;0:00:00.000754
Time for expose_population;0:00:00.001630
Time for lambda_leak_expose;0:00:00.002297
Time for update_population;0:00:00.002749
Time for expose_population;0:00:00.001783
Time for spread_infection;0:00:00.002847
Time for expose_population;0:00:00.002236
Time for lambda_leak_expose;0:00:00.003049
Time for update_population;0:00:00.002295
Time for expose_population;0:00:00.001667
Time for spread_infection;0:00:00.002732
Time for expose_population;0:00:00.002487
Time for lambda_leak_expose;0:00:00.003142
Time for update_population;0:00:00.002199
Time for expose_population;0:00:00.001599
Time for spread_infection;0:00:00.002379
Time for expose_population;0:00:00.002218
Time for lambda_leak_expose;0:00:00.002952
Time for update_population;0:00:00.002340
Time for expose_population;0:00:00.001605
Time for spread_infection;0:00:00.002550
Time for expose_population;0:00:00.002239
Time for lambda_leak_expose;0:00:00.003042
Time for update_population;0:00:00.002349
Time for expose_population;0:00:00.001774
Time for spread_infection;0:00:00.002624
Time for expose_population;0:00:00.002459
Time for lambda_leak_expose;0:00:00.003295
Time for update_population;0:00:00.002187
Time for spread_infection;0:00:00.000755
Time for expose_population;0:00:00.001633
Time for lambda_leak_expose;0:00:00.002299
Time for update_population;0:00:00.002958
Time for expose_population;0:00:00.001771
Time for spread_infection;0:00:00.002846
Time for expose_population;0:00:00.002389
Time for lambda_leak_expose;0:00:00.003157
Time for update_population;0:00:00.002150
Time for expose_population;0:00:00.001453
Time for spread_infection;0:00:00.002219
Time for expose_population;0:00:00.002293
Time for lambda_leak_expose;0:00:00.003075
Time for update_population;0:00:00.002373
Time for expose_population;0:00:00.001486
Time for spread_infection;0:00:00.002266
Time for expose_population;0:00:00.002229
Time for lambda_leak_expose;0:00:00.003045
Time for update_population;0:00:00.001911
Time for expose_population;0:00:00.001767
Time for spread_infection;0:00:00.002627
Time for expose_population;0:00:00.002430
Time for lambda_leak_expose;0:00:00.003314
Time for update_population;0:00:00.002290
Time for expose_population;0:00:00.001441
Time for spread_infection;0:00:00.002258
Time for expose_population;0:00:00.002240
Time for lambda_leak_expose;0:00:00.003062
Time for update_population;0:00:00.002092
Time for expose_population;0:00:00.001831
Time for spread_infection;0:00:00.002817
Time for expose_population;0:00:00.002240
Time for lambda_leak_expose;0:00:00.003066
Time for update_population;0:00:00.002243
Time for expose_population;0:00:00.002042
Time for spread_infection;0:00:00.002895
Time for expose_population;0:00:00.002471
Time for lambda_leak_expose;0:00:00.003339
Time for update_population;0:00:00.002020
Time for spread_infection;0:00:00.000834
Time for expose_population;0:00:00.001639
Time for lambda_leak_expose;0:00:00.002301
Time for update_population;0:00:00.002815
Time for expose_population;0:00:00.001712
Time for spread_infection;0:00:00.002929
Time for expose_population;0:00:00.002251
Time for lambda_leak_expose;0:00:00.002855
Time for update_population;0:00:00.002357
Time for expose_population;0:00:00.001701
Time for spread_infection;0:00:00.002547
Time for expose_population;0:00:00.002479
Time for lambda_leak_expose;0:00:00.003335
Time for update_population;0:00:00.002434
Time for expose_population;0:00:00.001620
Time for spread_infection;0:00:00.002569
Time for expose_population;0:00:00.002242
Time for lambda_leak_expose;0:00:00.003051
Time for update_population;0:00:00.001986
Time for spread_infection;0:00:00.001029
Time for expose_population;0:00:00.001732
Time for lambda_leak_expose;0:00:00.002381
Time for update_population;0:00:00.002296
Time for expose_population;0:00:00.001628
Time for spread_infection;0:00:00.002488
Time for expose_population;0:00:00.002278
Time for lambda_leak_expose;0:00:00.003308
Time for update_population;0:00:00.002440
Time for spread_infection;0:00:00.000848
Time for expose_population;0:00:00.001674
Time for lambda_leak_expose;0:00:00.002310
Time for update_population;0:00:00.002984
Time for expose_population;0:00:00.002106
Time for spread_infection;0:00:00.003225
Time for expose_population;0:00:00.002340
Time for lambda_leak_expose;0:00:00.003116
Time for update_population;0:00:00.002354
Time for expose_population;0:00:00.002168
Time for spread_infection;0:00:00.003259
Time for expose_population;0:00:00.002322
Time for lambda_leak_expose;0:00:00.003299
Time for update_population;0:00:00.002364
Time for expose_population;0:00:00.001606
Time for spread_infection;0:00:00.002722
Time for expose_population;0:00:00.002215
Time for lambda_leak_expose;0:00:00.002805
Time for update_population;0:00:00.002452
Time for expose_population;0:00:00.001688
Time for spread_infection;0:00:00.002602
Time for expose_population;0:00:00.002341
Time for lambda_leak_expose;0:00:00.002998
Time for update_population;0:00:00.002334
Time for spread_infection;0:00:00.000862
Time for expose_population;0:00:00.001663
Time for lambda_leak_expose;0:00:00.002324
Time for update_population;0:00:00.002992
Time for expose_population;0:00:00.001958
Time for spread_infection;0:00:00.003208
Time for expose_population;0:00:00.002263
Time for lambda_leak_expose;0:00:00.002893
Time for update_population;0:00:00.001926
Time for expose_population;0:00:00.001728
Time for spread_infection;0:00:00.002641
Time for expose_population;0:00:00.002572
Time for lambda_leak_expose;0:00:00.003471
Time for update_population;0:00:00.002266
Time for expose_population;0:00:00.001442
Time for spread_infection;0:00:00.002281
Time for expose_population;0:00:00.002343
Time for lambda_leak_expose;0:00:00.003159
Time for update_population;0:00:00.002423
Time for expose_population;0:00:00.001515
Time for spread_infection;0:00:00.002477
Time for expose_population;0:00:00.002271
Time for lambda_leak_expose;0:00:00.003080
Time for update_population;0:00:00.002046
Time for expose_population;0:00:00.001545
Time for spread_infection;0:00:00.002351
Time for expose_population;0:00:00.002580
Time for lambda_leak_expose;0:00:00.003453
Time for update_population;0:00:00.002429
Time for spread_infection;0:00:00.000771
Time for expose_population;0:00:00.001584
Time for lambda_leak_expose;0:00:00.002211
Time for update_population;0:00:00.003178
Time for expose_population;0:00:00.001712
Time for spread_infection;0:00:00.002615
Time for expose_population;0:00:00.002293
Time for lambda_leak_expose;0:00:00.003132
Time for update_population;0:00:00.001965
Time for spread_infection;0:00:00.000797
Time for expose_population;0:00:00.001715
Time for lambda_leak_expose;0:00:00.002606
Time for update_population;0:00:00.002670
Time for expose_population;0:00:00.001498
Time for spread_infection;0:00:00.002325
Time for expose_population;0:00:00.002254
Time for lambda_leak_expose;0:00:00.003026
Time for update_population;0:00:00.002334
Time for expose_population;0:00:00.001803
Time for spread_infection;0:00:00.002729
Time for expose_population;0:00:00.002408
Time for lambda_leak_expose;0:00:00.003264
Time for update_population;0:00:00.001813
Time for expose_population;0:00:00.001448
Time for spread_infection;0:00:00.002201
Time for expose_population;0:00:00.002286
Time for lambda_leak_expose;0:00:00.003096
Time for update_population;0:00:00.002305
Time for spread_infection;0:00:00.000905
Time for expose_population;0:00:00.001679
Time for lambda_leak_expose;0:00:00.002570
Time for update_population;0:00:00.002744
Time for expose_population;0:00:00.001473
Time for spread_infection;0:00:00.002251
Time for expose_population;0:00:00.002501
Time for lambda_leak_expose;0:00:00.003559
Time for update_population;0:00:00.002347
Time for expose_population;0:00:00.001440
Time for spread_infection;0:00:00.002201
Time for expose_population;0:00:00.002251
Time for lambda_leak_expose;0:00:00.002840
Time for update_population;0:00:00.001995
Time for expose_population;0:00:00.001699
Time for spread_infection;0:00:00.002837
Time for expose_population;0:00:00.002266
Time for lambda_leak_expose;0:00:00.002898
Time for update_population;0:00:00.002037
Time for expose_population;0:00:00.001447
Time for spread_infection;0:00:00.002305
Time for expose_population;0:00:00.002378
Time for lambda_leak_expose;0:00:00.003192
Time for update_population;0:00:00.002237
Time for expose_population;0:00:00.001487
Time for spread_infection;0:00:00.002284
Time for expose_population;0:00:00.002232
Time for lambda_leak_expose;0:00:00.002960
Time for update_population;0:00:00.001788
Time for spread_infection;0:00:00.000793
Time for expose_population;0:00:00.001818
Time for lambda_leak_expose;0:00:00.002431
Time for update_population;0:00:00.002827
Time for spread_infection;0:00:00.000741
Time for expose_population;0:00:00.001605
Time for lambda_leak_expose;0:00:00.002264
Time for update_population;0:00:00.002520
Time for expose_population;0:00:00.001826
Time for spread_infection;0:00:00.002671
Time for expose_population;0:00:00.002686
Time for lambda_leak_expose;0:00:00.003415
Time for update_population;0:00:00.001890
Time for expose_population;0:00:00.001891
Time for spread_infection;0:00:00.002712
Time for expose_population;0:00:00.002285
Time for lambda_leak_expose;0:00:00.003097
Time for update_population;0:00:00.002213
Time for expose_population;0:00:00.001627
Time for spread_infection;0:00:00.002503
Time for expose_population;0:00:00.002237
Time for lambda_leak_expose;0:00:00.003063
Time for update_population;0:00:00.001992
Time for spread_infection;0:00:00.000817
Time for expose_population;0:00:00.001878
Time for lambda_leak_expose;0:00:00.002575
Time for update_population;0:00:00.002653