Time for spread_infection; 0:00:00.000116
Time for expose_population; 0:00:00.001503
Time for lambda_leak_expose; 0:00:00.003137
Time for update_population; 0:00:00.001703
Time for spread_infection; 0:00:00.000079
Time for expose_population; 0:00:00.001434
Time for lambda_leak_expose; 0:00:00.003112
Time for update_population; 0:00:00.001832
Time for expose_population; 0:00:00.001431
Time for spread_infection; 0:00:00.002073
Time for expose_population; 0:00:00.001465
Time for lambda_leak_expose; 0:00:00.003231
Time for update_population; 0:00:00.001632
Time for expose_population; 0:00:00.001748
Time for spread_infection; 0:00:00.002393
Time for expose_population; 0:00:00.002248
Time for lambda_leak_expose; 0:00:00.004034
Time for update_population; 0:00:00.001775
Time for expose_population; 0:00:00.001544
Time for spread_infection; 0:00:00.002301
Time for expose_population; 0:00:00.001479
Time for lambda_leak_expose; 0:00:00.003250
Time for update_population; 0:00:00.001629
Time for expose_population; 0:00:00.001628
Time for spread_infection; 0:00:00.002470
Time for expose_population; 0:00:00.002155
Time for lambda_leak_expose; 0:00:00.003963
Time for update_population; 0:00:00.001810
Time for expose_population; 0:00:00.001627
Time for spread_infection; 0:00:00.002510
Time for expose_population; 0:00:00.002127
Time for lambda_leak_expose; 0:00:00.003892
Time for update_population; 0:00:00.001815
Time for expose_population; 0:00:00.001601
Time for spread_infection; 0:00:00.002487
Time for expose_population; 0:00:00.002151
Time for lambda_leak_expose; 0:00:00.003937
Time for update_population; 0:00:00.001721
Time for expose_population; 0:00:00.001701
Time for spread_infection; 0:00:00.002634
Time for expose_population; 0:00:00.002186
Time for lambda_leak_expose; 0:00:00.003934
Time for update_population; 0:00:00.001716
Time for expose_population; 0:00:00.002007
Time for spread_infection; 0:00:00.003121
Time for expose_population; 0:00:00.002086
Time for lambda_leak_expose; 0:00:00.003782
Time for update_population; 0:00:00.001735
Time for expose_population; 0:00:00.001583
Time for spread_infection; 0:00:00.002667
Time for expose_population; 0:00:00.002036
Time for lambda_leak_expose; 0:00:00.003740
Time for update_population; 0:00:00.001674
Time for expose_population; 0:00:00.001720
Time for spread_infection; 0:00:00.002851
Time for expose_population; 0:00:00.002136
Time for lambda_leak_expose; 0:00:00.003862
Time for update_population; 0:00:00.001774
Time for expose_population; 0:00:00.001838
Time for spread_infection; 0:00:00.003069
Time for expose_population; 0:00:00.002048
Time for lambda_leak_expose; 0:00:00.003818
Time for update_population; 0:00:00.001810
Time for expose_population; 0:00:00.002327
Time for spread_infection; 0:00:00.003779
Time for expose_population; 0:00:00.002071
Time for lambda_leak_expose; 0:00:00.003792
Time for update_population; 0:00:00.001750
Time for expose_population; 0:00:00.002216
Time for spread_infection; 0:00:00.003795
Time for expose_population; 0:00:00.002053
Time for lambda_leak_expose; 0:00:00.003911
Time for update_population; 0:00:00.001779
Time for expose_population; 0:00:00.002095
Time for spread_infection; 0:00:00.003597
Time for expose_population; 0:00:00.002064
Time for lambda_leak_expose; 0:00:00.003717
Time for update_population; 0:00:00.002056
Time for expose_population; 0:00:00.002689
Time for spread_infection; 0:00:00.004682
Time for expose_population; 0:00:00.002024
Time for lambda_leak_expose; 0:00:00.003788
Time for update_population; 0:00:00.001844
Time for expose_population; 0:00:00.002693
Time for spread_infection; 0:00:00.004676
Time for expose_population; 0:00:00.002006
Time for lambda_leak_expose; 0:00:00.003703
Time for update_population; 0:00:00.001704
Time for expose_population; 0:00:00.002701
Time for spread_infection; 0:00:00.004725
Time for expose_population; 0:00:00.002011
Time for lambda_leak_expose; 0:00:00.003703
Time for update_population; 0:00:00.001714
Time for expose_population; 0:00:00.002217
Time for spread_infection; 0:00:00.004099
Time for expose_population; 0:00:00.002061
Time for lambda_leak_expose; 0:00:00.003776
Time for update_population; 0:00:00.001730
Time for expose_population; 0:00:00.004824
Time for spread_infection; 0:00:00.008019
Time for expose_population; 0:00:00.002135
Time for lambda_leak_expose; 0:00:00.003876
Time for update_population; 0:00:00.001727
Time for expose_population; 0:00:00.004917
Time for spread_infection; 0:00:00.008265
Time for expose_population; 0:00:00.002078
Time for lambda_leak_expose; 0:00:00.003917
Time for update_population; 0:00:00.001808
Time for expose_population; 0:00:00.005047
Time for spread_infection; 0:00:00.008912
Time for expose_population; 0:00:00.002388
Time for lambda_leak_expose; 0:00:00.004098
Time for update_population; 0:00:00.002153
Time for expose_population; 0:00:00.005315
Time for spread_infection; 0:00:00.009371
Time for expose_population; 0:00:00.002089
Time for lambda_leak_expose; 0:00:00.003851
Time for update_population; 0:00:00.001818
Time for expose_population; 0:00:00.005094
Time for spread_infection; 0:00:00.009204
Time for expose_population; 0:00:00.002054
Time for lambda_leak_expose; 0:00:00.003783
Time for update_population; 0:00:00.001747
Time for expose_population; 0:00:00.005050
Time for spread_infection; 0:00:00.009378
Time for expose_population; 0:00:00.002043
Time for lambda_leak_expose; 0:00:00.003780
Time for update_population; 0:00:00.001781
Time for expose_population; 0:00:00.004967
Time for spread_infection; 0:00:00.009519
Time for expose_population; 0:00:00.002049
Time for lambda_leak_expose; 0:00:00.003794
Time for update_population; 0:00:00.001858
Time for expose_population; 0:00:00.004997
Time for spread_infection; 0:00:00.009635
Time for expose_population; 0:00:00.002060
Time for lambda_leak_expose; 0:00:00.003807
Time for update_population; 0:00:00.002046
Time for expose_population; 0:00:00.005099
Time for spread_infection; 0:00:00.010053
Time for expose_population; 0:00:00.002094
Time for lambda_leak_expose; 0:00:00.003857
Time for update_population; 0:00:00.001857
Time for expose_population; 0:00:00.005291
Time for spread_infection; 0:00:00.010748
Time for expose_population; 0:00:00.002059
Time for lambda_leak_expose; 0:00:00.003785
Time for update_population; 0:00:00.001868
Time for expose_population; 0:00:00.005068
Time for spread_infection; 0:00:00.010836
Time for expose_population; 0:00:00.002078
Time for lambda_leak_expose; 0:00:00.003756
Time for update_population; 0:00:00.001813
Time for expose_population; 0:00:00.005873
Time for spread_infection; 0:00:00.012002
Time for expose_population; 0:00:00.002095
Time for lambda_leak_expose; 0:00:00.003903
Time for update_population; 0:00:00.001813
Time for expose_population; 0:00:00.005742
Time for spread_infection; 0:00:00.012205
Time for expose_population; 0:00:00.002114
Time for lambda_leak_expose; 0:00:00.003803
Time for update_population; 0:00:00.001881
Time for expose_population; 0:00:00.005275
Time for spread_infection; 0:00:00.012472
Time for expose_population; 0:00:00.002115
Time for lambda_leak_expose; 0:00:00.003830
Time for update_population; 0:00:00.001948
Time for expose_population; 0:00:00.005423
Time for spread_infection; 0:00:00.013238
Time for expose_population; 0:00:00.002351
Time for lambda_leak_expose; 0:00:00.004178
Time for update_population; 0:00:00.002141
Time for expose_population; 0:00:00.005618
Time for spread_infection; 0:00:00.014418
Time for expose_population; 0:00:00.002115
Time for lambda_leak_expose; 0:00:00.003841
Time for update_population; 0:00:00.002053
Time for expose_population; 0:00:00.005595
Time for spread_infection; 0:00:00.014245
Time for expose_population; 0:00:00.002099
Time for lambda_leak_expose; 0:00:00.003809
Time for update_population; 0:00:00.001940
Time for expose_population; 0:00:00.005594
Time for spread_infection; 0:00:00.014670
Time for expose_population; 0:00:00.002135
Time for lambda_leak_expose; 0:00:00.003862
Time for update_population; 0:00:00.002029
Time for expose_population; 0:00:00.005626
Time for spread_infection; 0:00:00.015576
Time for expose_population; 0:00:00.002113
Time for lambda_leak_expose; 0:00:00.003833
Time for update_population; 0:00:00.001973
Time for expose_population; 0:00:00.005877
Time for spread_infection; 0:00:00.016562
Time for expose_population; 0:00:00.002073
Time for lambda_leak_expose; 0:00:00.003760
Time for update_population; 0:00:00.001994
Time for expose_population; 0:00:00.005826
Time for spread_infection; 0:00:00.017204
Time for expose_population; 0:00:00.002102
Time for lambda_leak_expose; 0:00:00.003779
Time for update_population; 0:00:00.002001
Time for expose_population; 0:00:00.005983
Time for spread_infection; 0:00:00.018028
Time for expose_population; 0:00:00.002089
Time for lambda_leak_expose; 0:00:00.003755
Time for update_population; 0:00:00.002061
Time for expose_population; 0:00:00.005933
Time for spread_infection; 0:00:00.018686
Time for expose_population; 0:00:00.002083
Time for lambda_leak_expose; 0:00:00.003742
Time for update_population; 0:00:00.002031
Time for expose_population; 0:00:00.006361
Time for spread_infection; 0:00:00.019657
Time for expose_population; 0:00:00.002403
Time for lambda_leak_expose; 0:00:00.004205
Time for update_population; 0:00:00.002231
Time for expose_population; 0:00:00.005902
Time for spread_infection; 0:00:00.020316
Time for expose_population; 0:00:00.002046
Time for lambda_leak_expose; 0:00:00.003650
Time for update_population; 0:00:00.002016
Time for expose_population; 0:00:00.006023
Time for spread_infection; 0:00:00.020879
Time for expose_population; 0:00:00.002042
Time for lambda_leak_expose; 0:00:00.003626
Time for update_population; 0:00:00.002088
Time for expose_population; 0:00:00.006081
Time for spread_infection; 0:00:00.021901
Time for expose_population; 0:00:00.002037
Time for lambda_leak_expose; 0:00:00.003619
Time for update_population; 0:00:00.002089
Time for expose_population; 0:00:00.006145
Time for spread_infection; 0:00:00.022721
Time for expose_population; 0:00:00.002036
Time for lambda_leak_expose; 0:00:00.003601
Time for update_population; 0:00:00.002173
Time for expose_population; 0:00:00.006251
Time for spread_infection; 0:00:00.024330
Time for expose_population; 0:00:00.002130
Time for lambda_leak_expose; 0:00:00.003764
Time for update_population; 0:00:00.002261
Time for expose_population; 0:00:00.007376
Time for spread_infection; 0:00:00.026404
Time for expose_population; 0:00:00.002177
Time for lambda_leak_expose; 0:00:00.003775
Time for update_population; 0:00:00.002333
Time for expose_population; 0:00:00.006944
Time for spread_infection; 0:00:00.027225
Time for expose_population; 0:00:00.002383
Time for lambda_leak_expose; 0:00:00.004128
Time for update_population; 0:00:00.002411
Time for expose_population; 0:00:00.006812
Time for spread_infection; 0:00:00.028841
Time for expose_population; 0:00:00.002137
Time for lambda_leak_expose; 0:00:00.003749
Time for update_population; 0:00:00.002480
Time for expose_population; 0:00:00.006943
Time for spread_infection; 0:00:00.030115
Time for expose_population; 0:00:00.002104
Time for lambda_leak_expose; 0:00:00.003652
Time for update_population; 0:00:00.002455
Time for expose_population; 0:00:00.007002
Time for spread_infection; 0:00:00.030889
Time for expose_population; 0:00:00.002107
Time for lambda_leak_expose; 0:00:00.003630
Time for update_population; 0:00:00.002458
Time for expose_population; 0:00:00.006938
Time for spread_infection; 0:00:00.031609
Time for expose_population; 0:00:00.002078
Time for lambda_leak_expose; 0:00:00.003577
Time for update_population; 0:00:00.002455
Time for expose_population; 0:00:00.007072
Time for spread_infection; 0:00:00.032183
Time for expose_population; 0:00:00.002103
Time for lambda_leak_expose; 0:00:00.003572
Time for update_population; 0:00:00.002442
Time for expose_population; 0:00:00.007141
Time for spread_infection; 0:00:00.034446
Time for expose_population; 0:00:00.002039
Time for lambda_leak_expose; 0:00:00.003541
Time for update_population; 0:00:00.002581
Time for expose_population; 0:00:00.007063
Time for spread_infection; 0:00:00.033871
Time for expose_population; 0:00:00.002053
Time for lambda_leak_expose; 0:00:00.003461
Time for update_population; 0:00:00.002484
Time for expose_population; 0:00:00.007129
Time for spread_infection; 0:00:00.035164
Time for expose_population; 0:00:00.002048
Time for lambda_leak_expose; 0:00:00.003425
Time for update_population; 0:00:00.002546
Time for expose_population; 0:00:00.007227
Time for spread_infection; 0:00:00.035800
Time for expose_population; 0:00:00.002042
Time for lambda_leak_expose; 0:00:00.003400
Time for update_population; 0:00:00.002540
Time for expose_population; 0:00:00.007416
Time for spread_infection; 0:00:00.037145
Time for expose_population; 0:00:00.002110
Time for lambda_leak_expose; 0:00:00.003456
Time for update_population; 0:00:00.002776
Time for expose_population; 0:00:00.008372
Time for spread_infection; 0:00:00.042398
Time for expose_population; 0:00:00.002318
Time for lambda_leak_expose; 0:00:00.004157
Time for update_population; 0:00:00.002699
Time for expose_population; 0:00:00.008171
Time for spread_infection; 0:00:00.044465
Time for expose_population; 0:00:00.002166
Time for lambda_leak_expose; 0:00:00.003642
Time for update_population; 0:00:00.002743
Time for expose_population; 0:00:00.007934
Time for spread_infection; 0:00:00.044213
Time for expose_population; 0:00:00.002380
Time for lambda_leak_expose; 0:00:00.003653
Time for update_population; 0:00:00.002969
Time for expose_population; 0:00:00.007991
Time for spread_infection; 0:00:00.044486
Time for expose_population; 0:00:00.002277
Time for lambda_leak_expose; 0:00:00.003649
Time for update_population; 0:00:00.003251
Time for expose_population; 0:00:00.008180
Time for spread_infection; 0:00:00.045278
Time for expose_population; 0:00:00.002188
Time for lambda_leak_expose; 0:00:00.003539
Time for update_population; 0:00:00.003255
Time for expose_population; 0:00:00.008084
Time for spread_infection; 0:00:00.044542
Time for expose_population; 0:00:00.002096
Time for lambda_leak_expose; 0:00:00.003320
Time for update_population; 0:00:00.003272
Time for expose_population; 0:00:00.008409
Time for spread_infection; 0:00:00.047482
Time for expose_population; 0:00:00.002245
Time for lambda_leak_expose; 0:00:00.003503
Time for update_population; 0:00:00.003341
Time for expose_population; 0:00:00.008323
Time for spread_infection; 0:00:00.046858
Time for expose_population; 0:00:00.002298
Time for lambda_leak_expose; 0:00:00.003533
Time for update_population; 0:00:00.003312
Time for expose_population; 0:00:00.008679
Time for spread_infection; 0:00:00.047621
Time for expose_population; 0:00:00.002292
Time for lambda_leak_expose; 0:00:00.003550
Time for update_population; 0:00:00.003294
Time for expose_population; 0:00:00.008646
Time for spread_infection; 0:00:00.048014
Time for expose_population; 0:00:00.002351
Time for lambda_leak_expose; 0:00:00.003539
Time for update_population; 0:00:00.003115
Time for expose_population; 0:00:00.009015
Time for spread_infection; 0:00:00.050692
Time for expose_population; 0:00:00.002080
Time for lambda_leak_expose; 0:00:00.003199
Time for update_population; 0:00:00.003029
Time for expose_population; 0:00:00.008639
Time for spread_infection; 0:00:00.045867
Time for expose_population; 0:00:00.002078
Time for lambda_leak_expose; 0:00:00.003186
Time for update_population; 0:00:00.003040
Time for expose_population; 0:00:00.008946
Time for spread_infection; 0:00:00.046455
Time for expose_population; 0:00:00.002076
Time for lambda_leak_expose; 0:00:00.003195
Time for update_population; 0:00:00.003026
Time for expose_population; 0:00:00.008756
Time for spread_infection; 0:00:00.045144
Time for expose_population; 0:00:00.002039
Time for lambda_leak_expose; 0:00:00.003093
Time for update_population; 0:00:00.002986
Time for expose_population; 0:00:00.008897
Time for spread_infection; 0:00:00.045379
Time for expose_population; 0:00:00.002021
Time for lambda_leak_expose; 0:00:00.003049
Time for update_population; 0:00:00.003008
Time for expose_population; 0:00:00.008767
Time for spread_infection; 0:00:00.044740
Time for expose_population; 0:00:00.002023
Time for lambda_leak_expose; 0:00:00.003042
Time for update_population; 0:00:00.002885
Time for expose_population; 0:00:00.009762
Time for spread_infection; 0:00:00.045013
Time for expose_population; 0:00:00.002090
Time for lambda_leak_expose; 0:00:00.003258
Time for update_population; 0:00:00.003032
Time for expose_population; 0:00:00.008964
Time for spread_infection; 0:00:00.044398
Time for expose_population; 0:00:00.002081
Time for lambda_leak_expose; 0:00:00.003070
Time for update_population; 0:00:00.002991
Time for expose_population; 0:00:00.008793
Time for spread_infection; 0:00:00.042444
Time for expose_population; 0:00:00.002045
Time for lambda_leak_expose; 0:00:00.003026
Time for update_population; 0:00:00.002922
Time for expose_population; 0:00:00.008940
Time for spread_infection; 0:00:00.042698
Time for expose_population; 0:00:00.002038
Time for lambda_leak_expose; 0:00:00.002997
Time for update_population; 0:00:00.002876
Time for expose_population; 0:00:00.008954
Time for spread_infection; 0:00:00.041249
Time for expose_population; 0:00:00.002029
Time for lambda_leak_expose; 0:00:00.002978
Time for update_population; 0:00:00.003264
Time for expose_population; 0:00:00.009062
Time for spread_infection; 0:00:00.042004
Time for expose_population; 0:00:00.002025
Time for lambda_leak_expose; 0:00:00.002969
Time for update_population; 0:00:00.002873
Time for expose_population; 0:00:00.009028
Time for spread_infection; 0:00:00.039835
Time for expose_population; 0:00:00.002032
Time for lambda_leak_expose; 0:00:00.002962
Time for update_population; 0:00:00.002773
Time for expose_population; 0:00:00.009040
Time for spread_infection; 0:00:00.039150
Time for expose_population; 0:00:00.002039
Time for lambda_leak_expose; 0:00:00.002948
Time for update_population; 0:00:00.002856
Time for expose_population; 0:00:00.009084
Time for spread_infection; 0:00:00.038155
Time for expose_population; 0:00:00.002028
Time for lambda_leak_expose; 0:00:00.002931
Time for update_population; 0:00:00.002710
Time for expose_population; 0:00:00.009468
Time for spread_infection; 0:00:00.038002
Time for expose_population; 0:00:00.002095
Time for lambda_leak_expose; 0:00:00.003216
Time for update_population; 0:00:00.002722
Time for expose_population; 0:00:00.009134
Time for spread_infection; 0:00:00.036466
Time for expose_population; 0:00:00.001973
Time for lambda_leak_expose; 0:00:00.002796
Time for update_population; 0:00:00.002687
Time for expose_population; 0:00:00.009154
Time for spread_infection; 0:00:00.035257
Time for expose_population; 0:00:00.002029
Time for lambda_leak_expose; 0:00:00.002903
Time for update_population; 0:00:00.002628
Time for expose_population; 0:00:00.009323
Time for spread_infection; 0:00:00.034819
Time for expose_population; 0:00:00.002027
Time for lambda_leak_expose; 0:00:00.002892
Time for update_population; 0:00:00.002627
Time for expose_population; 0:00:00.009379
Time for spread_infection; 0:00:00.033821
Time for expose_population; 0:00:00.002015
Time for lambda_leak_expose; 0:00:00.002867
Time for update_population; 0:00:00.002675
Time for expose_population; 0:00:00.009716
Time for spread_infection; 0:00:00.033376
Time for expose_population; 0:00:00.002139
Time for lambda_leak_expose; 0:00:00.003306
Time for update_population; 0:00:00.002635
Time for expose_population; 0:00:00.009405
Time for spread_infection; 0:00:00.032314
Time for expose_population; 0:00:00.002035
Time for lambda_leak_expose; 0:00:00.002931
Time for update_population; 0:00:00.002541
Time for expose_population; 0:00:00.009176
Time for spread_infection; 0:00:00.030993
Time for expose_population; 0:00:00.002061
Time for lambda_leak_expose; 0:00:00.002846
Time for update_population; 0:00:00.002501
Time for expose_population; 0:00:00.009368
Time for spread_infection; 0:00:00.029599
Time for expose_population; 0:00:00.002025
Time for lambda_leak_expose; 0:00:00.002850
Time for update_population; 0:00:00.002437
Time for expose_population; 0:00:00.009393
Time for spread_infection; 0:00:00.029178
Time for expose_population; 0:00:00.002042
Time for lambda_leak_expose; 0:00:00.002847
Time for update_population; 0:00:00.002423
Time for expose_population; 0:00:00.009372
Time for spread_infection; 0:00:00.028170
Time for expose_population; 0:00:00.001975
Time for lambda_leak_expose; 0:00:00.002848
Time for update_population; 0:00:00.002433
Time for expose_population; 0:00:00.010015
Time for spread_infection; 0:00:00.028405
Time for expose_population; 0:00:00.002041
Time for lambda_leak_expose; 0:00:00.002930
Time for update_population; 0:00:00.002435
Time for expose_population; 0:00:00.010016
Time for spread_infection; 0:00:00.027650
Time for expose_population; 0:00:00.002012
Time for lambda_leak_expose; 0:00:00.002809
Time for update_population; 0:00:00.002379
Time for expose_population; 0:00:00.009547
Time for spread_infection; 0:00:00.026079
Time for expose_population; 0:00:00.002030
Time for lambda_leak_expose; 0:00:00.002820
Time for update_population; 0:00:00.002345
Time for expose_population; 0:00:00.009484
Time for spread_infection; 0:00:00.025146
Time for expose_population; 0:00:00.002019
Time for lambda_leak_expose; 0:00:00.002810
Time for update_population; 0:00:00.002277
Time for expose_population; 0:00:00.009570
Time for spread_infection; 0:00:00.024579
Time for expose_population; 0:00:00.002034
Time for lambda_leak_expose; 0:00:00.002814
Time for update_population; 0:00:00.002256
Time for expose_population; 0:00:00.009396
Time for spread_infection; 0:00:00.023621
Time for expose_population; 0:00:00.002038
Time for lambda_leak_expose; 0:00:00.002826
Time for update_population; 0:00:00.002240
Time for expose_population; 0:00:00.009419
Time for spread_infection; 0:00:00.022757
Time for expose_population; 0:00:00.002000
Time for lambda_leak_expose; 0:00:00.002760
Time for update_population; 0:00:00.002199
Time for expose_population; 0:00:00.010183
Time for spread_infection; 0:00:00.023199
Time for expose_population; 0:00:00.002028
Time for lambda_leak_expose; 0:00:00.002829
Time for update_population; 0:00:00.002320
Time for expose_population; 0:00:00.009701
Time for spread_infection; 0:00:00.022107
Time for expose_population; 0:00:00.001980
Time for lambda_leak_expose; 0:00:00.002808
Time for update_population; 0:00:00.002222
Time for expose_population; 0:00:00.009524
Time for spread_infection; 0:00:00.020965
Time for expose_population; 0:00:00.002029
Time for lambda_leak_expose; 0:00:00.002788
Time for update_population; 0:00:00.002076
Time for expose_population; 0:00:00.009525
Time for spread_infection; 0:00:00.020805
Time for expose_population; 0:00:00.002037
Time for lambda_leak_expose; 0:00:00.002796
Time for update_population; 0:00:00.002022
Time for expose_population; 0:00:00.009642
Time for spread_infection; 0:00:00.020542
Time for expose_population; 0:00:00.002036
Time for lambda_leak_expose; 0:00:00.002790
Time for update_population; 0:00:00.002117
Time for expose_population; 0:00:00.009482
Time for spread_infection; 0:00:00.019898
Time for expose_population; 0:00:00.002036
Time for lambda_leak_expose; 0:00:00.002782
Time for update_population; 0:00:00.002002
Time for expose_population; 0:00:00.009502
Time for spread_infection; 0:00:00.019688
Time for expose_population; 0:00:00.002040
Time for lambda_leak_expose; 0:00:00.002802
Time for update_population; 0:00:00.002063
Time for expose_population; 0:00:00.009308
Time for spread_infection; 0:00:00.018900
Time for expose_population; 0:00:00.001971
Time for lambda_leak_expose; 0:00:00.002763
Time for update_population; 0:00:00.002035
Time for expose_population; 0:00:00.010365
Time for spread_infection; 0:00:00.019656
Time for expose_population; 0:00:00.002091
Time for lambda_leak_expose; 0:00:00.002979
Time for update_population; 0:00:00.002018
Time for expose_population; 0:00:00.009649
Time for spread_infection; 0:00:00.018914
Time for expose_population; 0:00:00.001958
Time for lambda_leak_expose; 0:00:00.002756
Time for update_population; 0:00:00.001922
Time for expose_population; 0:00:00.009650
Time for spread_infection; 0:00:00.018387
Time for expose_population; 0:00:00.002033
Time for lambda_leak_expose; 0:00:00.002773
Time for update_population; 0:00:00.001990
Time for expose_population; 0:00:00.009661
Time for spread_infection; 0:00:00.018214
Time for expose_population; 0:00:00.002021
Time for lambda_leak_expose; 0:00:00.002758
Time for update_population; 0:00:00.001886
Time for expose_population; 0:00:00.003034
Time for spread_infection; 0:00:00.011378
Time for expose_population; 0:00:00.002031
Time for lambda_leak_expose; 0:00:00.002767
Time for update_population; 0:00:00.001873
Time for expose_population; 0:00:00.009824
Time for spread_infection; 0:00:00.018074
Time for expose_population; 0:00:00.002048
Time for lambda_leak_expose; 0:00:00.002799
Time for update_population; 0:00:00.001968
Time for expose_population; 0:00:00.003278
Time for spread_infection; 0:00:00.011345
Time for expose_population; 0:00:00.002099
Time for lambda_leak_expose; 0:00:00.002917
Time for update_population; 0:00:00.001914
Time for expose_population; 0:00:00.003056
Time for spread_infection; 0:00:00.010823
Time for expose_population; 0:00:00.002007
Time for lambda_leak_expose; 0:00:00.002740
Time for update_population; 0:00:00.001845
Time for expose_population; 0:00:00.002819
Time for spread_infection; 0:00:00.010790
Time for expose_population; 0:00:00.002032
Time for lambda_leak_expose; 0:00:00.002799
Time for update_population; 0:00:00.001858
Time for expose_population; 0:00:00.002741
Time for spread_infection; 0:00:00.010032
Time for expose_population; 0:00:00.002021
Time for lambda_leak_expose; 0:00:00.002750
Time for update_population; 0:00:00.001863
Time for expose_population; 0:00:00.002196
Time for spread_infection; 0:00:00.009136
Time for expose_population; 0:00:00.002008
Time for lambda_leak_expose; 0:00:00.002734
Time for update_population; 0:00:00.001836
Time for expose_population; 0:00:00.002500
Time for spread_infection; 0:00:00.009579
Time for expose_population; 0:00:00.002460
Time for lambda_leak_expose; 0:00:00.003562
Time for update_population; 0:00:00.002134
Time for expose_population; 0:00:00.002283
Time for spread_infection; 0:00:00.008999
Time for expose_population; 0:00:00.002065
Time for lambda_leak_expose; 0:00:00.002798
Time for update_population; 0:00:00.001885
Time for expose_population; 0:00:00.002271
Time for spread_infection; 0:00:00.008794
Time for expose_population; 0:00:00.002009
Time for lambda_leak_expose; 0:00:00.002738
Time for update_population; 0:00:00.001802
Time for expose_population; 0:00:00.002327
Time for spread_infection; 0:00:00.008808
Time for expose_population; 0:00:00.002027
Time for lambda_leak_expose; 0:00:00.002765
Time for update_population; 0:00:00.001847
Time for expose_population; 0:00:00.002074
Time for spread_infection; 0:00:00.008407
Time for expose_population; 0:00:00.002021
Time for lambda_leak_expose; 0:00:00.002762
Time for update_population; 0:00:00.001801
Time for expose_population; 0:00:00.002162
Time for spread_infection; 0:00:00.008398
Time for expose_population; 0:00:00.002035
Time for lambda_leak_expose; 0:00:00.002776
Time for update_population; 0:00:00.001783
Time for expose_population; 0:00:00.001921
Time for spread_infection; 0:00:00.008021
Time for expose_population; 0:00:00.002031
Time for lambda_leak_expose; 0:00:00.002767
Time for update_population; 0:00:00.001784
Time for expose_population; 0:00:00.002068
Time for spread_infection; 0:00:00.008094
Time for expose_population; 0:00:00.002024
Time for lambda_leak_expose; 0:00:00.002745
Time for update_population; 0:00:00.001777
Time for expose_population; 0:00:00.001944
Time for spread_infection; 0:00:00.007873
Time for expose_population; 0:00:00.002027
Time for lambda_leak_expose; 0:00:00.002752
Time for update_population; 0:00:00.001762
Time for expose_population; 0:00:00.001880
Time for spread_infection; 0:00:00.007783
Time for expose_population; 0:00:00.002027
Time for lambda_leak_expose; 0:00:00.002755
Time for update_population; 0:00:00.001780
Time for expose_population; 0:00:00.001815
Time for spread_infection; 0:00:00.007523
Time for expose_population; 0:00:00.001971
Time for lambda_leak_expose; 0:00:00.002770
Time for update_population; 0:00:00.001833
Time for expose_population; 0:00:00.001874
Time for spread_infection; 0:00:00.007464
Time for expose_population; 0:00:00.002005
Time for lambda_leak_expose; 0:00:00.002738
Time for update_population; 0:00:00.001739
Time for expose_population; 0:00:00.001828
Time for spread_infection; 0:00:00.007462
Time for expose_population; 0:00:00.001993
Time for lambda_leak_expose; 0:00:00.002816
Time for update_population; 0:00:00.001882
Time for expose_population; 0:00:00.002097
Time for spread_infection; 0:00:00.004316
Time for expose_population; 0:00:00.002000
Time for lambda_leak_expose; 0:00:00.002715
Time for update_population; 0:00:00.001796
Time for expose_population; 0:00:00.001601
Time for spread_infection; 0:00:00.003687
Time for expose_population; 0:00:00.002487
Time for lambda_leak_expose; 0:00:00.003273
Time for update_population; 0:00:00.001801
Time for expose_population; 0:00:00.001923
Time for spread_infection; 0:00:00.003999
Time for expose_population; 0:00:00.002004
Time for lambda_leak_expose; 0:00:00.002713
Time for update_population; 0:00:00.001733
Time for expose_population; 0:00:00.001454
Time for spread_infection; 0:00:00.003395
Time for expose_population; 0:00:00.002756
Time for lambda_leak_expose; 0:00:00.003477
Time for update_population; 0:00:00.002088
Time for expose_population; 0:00:00.001787
Time for spread_infection; 0:00:00.003901
Time for expose_population; 0:00:00.001427
Time for lambda_leak_expose; 0:00:00.002153
Time for update_population; 0:00:00.001779
Time for expose_population; 0:00:00.001809
Time for spread_infection; 0:00:00.003831
Time for expose_population; 0:00:00.002109
Time for lambda_leak_expose; 0:00:00.002851
Time for update_population; 0:00:00.001821
Time for expose_population; 0:00:00.001555
Time for spread_infection; 0:00:00.003320
Time for expose_population; 0:00:00.002633
Time for lambda_leak_expose; 0:00:00.003355
Time for update_population; 0:00:00.001832
Time for expose_population; 0:00:00.001668
Time for spread_infection; 0:00:00.003364
Time for expose_population; 0:00:00.001444
Time for lambda_leak_expose; 0:00:00.002153
Time for update_population; 0:00:00.001745
Time for expose_population; 0:00:00.001514
Time for spread_infection; 0:00:00.002957
Time for expose_population; 0:00:00.002551
Time for lambda_leak_expose; 0:00:00.003268
Time for update_population; 0:00:00.001829
Time for expose_population; 0:00:00.001401
Time for spread_infection; 0:00:00.002832
Time for expose_population; 0:00:00.001410
Time for lambda_leak_expose; 0:00:00.002115
Time for update_population; 0:00:00.001713
Time for expose_population; 0:00:00.001675
Time for spread_infection; 0:00:00.003464
Time for expose_population; 0:00:00.001982
Time for lambda_leak_expose; 0:00:00.002689
Time for update_population; 0:00:00.001746
Time for expose_population; 0:00:00.001512
Time for spread_infection; 0:00:00.003039
Time for expose_population; 0:00:00.002546
Time for lambda_leak_expose; 0:00:00.003253
Time for update_population; 0:00:00.001751
Time for expose_population; 0:00:00.001516
Time for spread_infection; 0:00:00.003058
Time for expose_population; 0:00:00.001997
Time for lambda_leak_expose; 0:00:00.002698
Time for update_population; 0:00:00.001751
Time for expose_population; 0:00:00.001586
Time for spread_infection; 0:00:00.003060
Time for expose_population; 0:00:00.001987
Time for lambda_leak_expose; 0:00:00.002694
Time for update_population; 0:00:00.001756
Time for expose_population; 0:00:00.001403
Time for spread_infection; 0:00:00.002771
Time for expose_population; 0:00:00.001394
Time for lambda_leak_expose; 0:00:00.002090
Time for update_population; 0:00:00.001741
Time for expose_population; 0:00:00.001556
Time for spread_infection; 0:00:00.002915
Time for expose_population; 0:00:00.002546
Time for lambda_leak_expose; 0:00:00.003246
Time for update_population; 0:00:00.001781
Time for expose_population; 0:00:00.001564
Time for spread_infection; 0:00:00.002777
Time for expose_population; 0:00:00.001996
Time for lambda_leak_expose; 0:00:00.002697
Time for update_population; 0:00:00.001811
Time for expose_population; 0:00:00.001388
Time for spread_infection; 0:00:00.002466
Time for expose_population; 0:00:00.001408
Time for lambda_leak_expose; 0:00:00.002102
Time for update_population; 0:00:00.001727
Time for expose_population; 0:00:00.001484
Time for spread_infection; 0:00:00.002650
Time for expose_population; 0:00:00.002551
Time for lambda_leak_expose; 0:00:00.003252
Time for update_population; 0:00:00.001820
Time for expose_population; 0:00:00.001507
Time for spread_infection; 0:00:00.002684
Time for expose_population; 0:00:00.001990
Time for lambda_leak_expose; 0:00:00.002608
Time for update_population; 0:00:00.001721
Time for expose_population; 0:00:00.001454
Time for spread_infection; 0:00:00.002532
Time for expose_population; 0:00:00.001979
Time for lambda_leak_expose; 0:00:00.002675
Time for update_population; 0:00:00.001761
Time for expose_population; 0:00:00.001448
Time for spread_infection; 0:00:00.002558
Time for expose_population; 0:00:00.001995
Time for lambda_leak_expose; 0:00:00.002692
Time for update_population; 0:00:00.001742
Time for expose_population; 0:00:00.001527
Time for spread_infection; 0:00:00.002643
Time for expose_population; 0:00:00.001993
Time for lambda_leak_expose; 0:00:00.002695
Time for update_population; 0:00:00.001771
Time for expose_population; 0:00:00.001528
Time for spread_infection; 0:00:00.002705
Time for expose_population; 0:00:00.001981
Time for lambda_leak_expose; 0:00:00.002684
Time for update_population; 0:00:00.001760
Time for expose_population; 0:00:00.001368
Time for spread_infection; 0:00:00.002317
Time for expose_population; 0:00:00.001399
Time for lambda_leak_expose; 0:00:00.002098
Time for update_population; 0:00:00.001733
Time for expose_population; 0:00:00.001403
Time for spread_infection; 0:00:00.002442
Time for expose_population; 0:00:00.002552
Time for lambda_leak_expose; 0:00:00.003259
Time for update_population; 0:00:00.001735
Time for expose_population; 0:00:00.001514
Time for spread_infection; 0:00:00.002566
Time for expose_population; 0:00:00.001981
Time for lambda_leak_expose; 0:00:00.002686
Time for update_population; 0:00:00.001759
Time for expose_population; 0:00:00.001338
Time for spread_infection; 0:00:00.002302
Time for expose_population; 0:00:00.001417
Time for lambda_leak_expose; 0:00:00.002116
Time for update_population; 0:00:00.001714
Time for expose_population; 0:00:00.001422
Time for spread_infection; 0:00:00.002526
Time for expose_population; 0:00:00.002750
Time for lambda_leak_expose; 0:00:00.003459
Time for update_population; 0:00:00.001906
Time for expose_population; 0:00:00.001869
Time for spread_infection; 0:00:00.003043
Time for expose_population; 0:00:00.002008
Time for lambda_leak_expose; 0:00:00.002770
Time for update_population; 0:00:00.001673
Time for expose_population; 0:00:00.001450
Time for spread_infection; 0:00:00.002407
Time for expose_population; 0:00:00.002085
Time for lambda_leak_expose; 0:00:00.002821
Time for update_population; 0:00:00.001797
Time for expose_population; 0:00:00.001445
Time for spread_infection; 0:00:00.002362
Time for expose_population; 0:00:00.002036
Time for lambda_leak_expose; 0:00:00.002739
Time for update_population; 0:00:00.001796
Time for expose_population; 0:00:00.001452
Time for spread_infection; 0:00:00.002511
Time for expose_population; 0:00:00.002043
Time for lambda_leak_expose; 0:00:00.002743
Time for update_population; 0:00:00.001745
Time for expose_population; 0:00:00.001509
Time for spread_infection; 0:00:00.002549
Time for expose_population; 0:00:00.001998
Time for lambda_leak_expose; 0:00:00.002701
Time for update_population; 0:00:00.001736
Time for expose_population; 0:00:00.001405
Time for spread_infection; 0:00:00.002419
Time for expose_population; 0:00:00.001401
Time for lambda_leak_expose; 0:00:00.002011
Time for update_population; 0:00:00.001748
Time for expose_population; 0:00:00.001352
Time for spread_infection; 0:00:00.002314
Time for expose_population; 0:00:00.002004
Time for lambda_leak_expose; 0:00:00.002704
Time for update_population; 0:00:00.001850
Time for spread_infection; 0:00:00.000926
Time for expose_population; 0:00:00.001412
Time for lambda_leak_expose; 0:00:00.002053
Time for update_population; 0:00:00.002300
Time for expose_population; 0:00:00.001610
Time for spread_infection; 0:00:00.002713
Time for expose_population; 0:00:00.002549
Time for lambda_leak_expose; 0:00:00.003243
Time for update_population; 0:00:00.001762
Time for expose_population; 0:00:00.001410
Time for spread_infection; 0:00:00.002355
Time for expose_population; 0:00:00.001396
Time for lambda_leak_expose; 0:00:00.002090
Time for update_population; 0:00:00.001695
Time for expose_population; 0:00:00.001430
Time for spread_infection; 0:00:00.002437
Time for expose_population; 0:00:00.002000
Time for lambda_leak_expose; 0:00:00.002704
Time for update_population; 0:00:00.001679
Time for expose_population; 0:00:00.001377
Time for spread_infection; 0:00:00.002239
Time for expose_population; 0:00:00.002000
Time for lambda_leak_expose; 0:00:00.002612
Time for update_population; 0:00:00.001710
Time for spread_infection; 0:00:00.000761
Time for expose_population; 0:00:00.001397
Time for lambda_leak_expose; 0:00:00.002039
Time for update_population; 0:00:00.002293
Time for spread_infection; 0:00:00.000886
Time for expose_population; 0:00:00.001403
Time for lambda_leak_expose; 0:00:00.002052
Time for update_population; 0:00:00.002310
Time for expose_population; 0:00:00.001933
Time for spread_infection; 0:00:00.002761
Time for expose_population; 0:00:00.001422
Time for lambda_leak_expose; 0:00:00.002135
Time for update_population; 0:00:00.001694
Time for expose_population; 0:00:00.001418
Time for spread_infection; 0:00:00.002433
Time for expose_population; 0:00:00.001992
Time for lambda_leak_expose; 0:00:00.002604
Time for update_population; 0:00:00.001693
Time for expose_population; 0:00:00.001437
Time for spread_infection; 0:00:00.002307
Time for expose_population; 0:00:00.001985
Time for lambda_leak_expose; 0:00:00.002684
Time for update_population; 0:00:00.001707
Time for expose_population; 0:00:00.001404
Time for spread_infection; 0:00:00.002294
Time for expose_population; 0:00:00.001997
Time for lambda_leak_expose; 0:00:00.002690
Time for update_population; 0:00:00.001723
Time for spread_infection; 0:00:00.000729
Time for expose_population; 0:00:00.001381
Time for lambda_leak_expose; 0:00:00.002025
Time for update_population; 0:00:00.002302
Time for expose_population; 0:00:00.001536
Time for spread_infection; 0:00:00.002412
Time for expose_population; 0:00:00.001982
Time for lambda_leak_expose; 0:00:00.002674
Time for update_population; 0:00:00.001694
Time for expose_population; 0:00:00.001915
Time for spread_infection; 0:00:00.002669
Time for expose_population; 0:00:00.001993
Time for lambda_leak_expose; 0:00:00.002693
Time for update_population; 0:00:00.001725
Time for expose_population; 0:00:00.001334
Time for spread_infection; 0:00:00.002150
Time for expose_population; 0:00:00.002007
Time for lambda_leak_expose; 0:00:00.002626
Time for update_population; 0:00:00.001737
Time for expose_population; 0:00:00.001418
Time for spread_infection; 0:00:00.002327
Time for expose_population; 0:00:00.001420
Time for lambda_leak_expose; 0:00:00.002117
Time for update_population; 0:00:00.001701
Time for expose_population; 0:00:00.001376
Time for spread_infection; 0:00:00.002336
Time for expose_population; 0:00:00.002005
Time for lambda_leak_expose; 0:00:00.002704
Time for update_population; 0:00:00.001721
Time for expose_population; 0:00:00.001401
Time for spread_infection; 0:00:00.002333
Time for expose_population; 0:00:00.001990
Time for lambda_leak_expose; 0:00:00.002684
Time for update_population; 0:00:00.001687
Time for expose_population; 0:00:00.001446
Time for spread_infection; 0:00:00.002397
Time for expose_population; 0:00:00.001994
Time for lambda_leak_expose; 0:00:00.002599
Time for update_population; 0:00:00.001719
Time for spread_infection; 0:00:00.000757
Time for expose_population; 0:00:00.001382
Time for lambda_leak_expose; 0:00:00.002026
Time for update_population; 0:00:00.002298
Time for expose_population; 0:00:00.001925
Time for spread_infection; 0:00:00.002830
Time for expose_population; 0:00:00.001692
Time for lambda_leak_expose; 0:00:00.002432
Time for update_population; 0:00:00.001814
Time for expose_population; 0:00:00.002189
Time for spread_infection; 0:00:00.003483
Time for expose_population; 0:00:00.001457
Time for lambda_leak_expose; 0:00:00.002277
Time for update_population; 0:00:00.001716
Time for expose_population; 0:00:00.001957
Time for spread_infection; 0:00:00.002838
Time for expose_population; 0:00:00.001470
Time for lambda_leak_expose; 0:00:00.002182
Time for update_population; 0:00:00.001671
Time for expose_population; 0:00:00.001933
Time for spread_infection; 0:00:00.002955
Time for expose_population; 0:00:00.001480
Time for lambda_leak_expose; 0:00:00.002198
Time for update_population; 0:00:00.001708
Time for expose_population; 0:00:00.001383
Time for spread_infection; 0:00:00.002459
Time for expose_population; 0:00:00.002031
Time for lambda_leak_expose; 0:00:00.002729
Time for update_population; 0:00:00.001676
Time for expose_population; 0:00:00.001428
Time for spread_infection; 0:00:00.002341
Time for expose_population; 0:00:00.001982
Time for lambda_leak_expose; 0:00:00.002676
Time for update_population; 0:00:00.001727
Time for spread_infection; 0:00:00.000769
Time for expose_population; 0:00:00.001449
Time for lambda_leak_expose; 0:00:00.002091
Time for update_population; 0:00:00.002302
Time for expose_population; 0:00:00.001919
Time for spread_infection; 0:00:00.002840
Time for expose_population; 0:00:00.001441
Time for lambda_leak_expose; 0:00:00.002136
Time for update_population; 0:00:00.001657
Time for expose_population; 0:00:00.001912
Time for spread_infection; 0:00:00.002849
Time for expose_population; 0:00:00.001430
Time for lambda_leak_expose; 0:00:00.002129
Time for update_population; 0:00:00.001661
Time for expose_population; 0:00:00.001376
Time for spread_infection; 0:00:00.002263
Time for expose_population; 0:00:00.001997
Time for lambda_leak_expose; 0:00:00.002689
Time for update_population; 0:00:00.001702
Time for spread_infection; 0:00:00.000727
Time for expose_population; 0:00:00.001401
Time for lambda_leak_expose; 0:00:00.002043
Time for update_population; 0:00:00.002305
Time for spread_infection; 0:00:00.000756
Time for expose_population; 0:00:00.001414
Time for lambda_leak_expose; 0:00:00.002057
Time for update_population; 0:00:00.002290
Time for expose_population; 0:00:00.001921
Time for spread_infection; 0:00:00.002693
Time for expose_population; 0:00:00.001429
Time for lambda_leak_expose; 0:00:00.002120
Time for update_population; 0:00:00.001698
Time for expose_population; 0:00:00.001385
Time for spread_infection; 0:00:00.002145
Time for expose_population; 0:00:00.002005
Time for lambda_leak_expose; 0:00:00.002715
Time for update_population; 0:00:00.001741
Time for expose_population; 0:00:00.001919
Time for spread_infection; 0:00:00.002728
Time for expose_population; 0:00:00.002023
Time for lambda_leak_expose; 0:00:00.002731
Time for update_population; 0:00:00.001773
Time for expose_population; 0:00:00.001385
Time for spread_infection; 0:00:00.002168
Time for expose_population; 0:00:00.001423
Time for lambda_leak_expose; 0:00:00.002111
Time for update_population; 0:00:00.001689
Time for expose_population; 0:00:00.001374
Time for spread_infection; 0:00:00.002133
Time for expose_population; 0:00:00.001997
Time for lambda_leak_expose; 0:00:00.002688
Time for update_population; 0:00:00.001692
Time for spread_infection; 0:00:00.000722
Time for expose_population; 0:00:00.001385
Time for lambda_leak_expose; 0:00:00.002035
Time for update_population; 0:00:00.002287
Time for expose_population; 0:00:00.001916
Time for spread_infection; 0:00:00.002657
Time for expose_population; 0:00:00.001417
Time for lambda_leak_expose; 0:00:00.002033
Time for update_population; 0:00:00.001691
Time for expose_population; 0:00:00.001921
Time for spread_infection; 0:00:00.002727
Time for expose_population; 0:00:00.001420
Time for lambda_leak_expose; 0:00:00.002118
Time for update_population; 0:00:00.001681
Time for spread_infection; 0:00:00.000676
Time for expose_population; 0:00:00.001399
Time for lambda_leak_expose; 0:00:00.002042
Time for update_population; 0:00:00.002274
Time for expose_population; 0:00:00.001914
Time for spread_infection; 0:00:00.002667
Time for expose_population; 0:00:00.001413
Time for lambda_leak_expose; 0:00:00.002031
Time for update_population; 0:00:00.001529
Time for expose_population; 0:00:00.001917
Time for spread_infection; 0:00:00.002704
Time for expose_population; 0:00:00.001418
Time for lambda_leak_expose; 0:00:00.002111
Time for update_population; 0:00:00.001664
Time for expose_population; 0:00:00.001409
Time for spread_infection; 0:00:00.002231
Time for expose_population; 0:00:00.002000
Time for lambda_leak_expose; 0:00:00.002686
Time for update_population; 0:00:00.001693
Time for expose_population; 0:00:00.001918
Time for spread_infection; 0:00:00.002697
Time for expose_population; 0:00:00.002009
Time for lambda_leak_expose; 0:00:00.002704
Time for update_population; 0:00:00.001737
Time for spread_infection; 0:00:00.000672
Time for expose_population; 0:00:00.001411
Time for lambda_leak_expose; 0:00:00.002052
Time for update_population; 0:00:00.001710
Time for expose_population; 0:00:00.001394
Time for spread_infection; 0:00:00.002144
Time for expose_population; 0:00:00.002011
Time for lambda_leak_expose; 0:00:00.002713
Time for update_population; 0:00:00.001737
Time for expose_population; 0:00:00.001415
Time for spread_infection; 0:00:00.002177
Time for expose_population; 0:00:00.001997
Time for lambda_leak_expose; 0:00:00.002690
Time for update_population; 0:00:00.001672
Time for expose_population; 0:00:00.001394
Time for spread_infection; 0:00:00.002109
Time for expose_population; 0:00:00.001977
Time for lambda_leak_expose; 0:00:00.002673
Time for update_population; 0:00:00.002264
Time for expose_population; 0:00:00.001523
Time for spread_infection; 0:00:00.002400
Time for expose_population; 0:00:00.002351
Time for lambda_leak_expose; 0:00:00.003084
Time for update_population; 0:00:00.001878
Time for expose_population; 0:00:00.001477
Time for spread_infection; 0:00:00.002305
Time for expose_population; 0:00:00.001999
Time for lambda_leak_expose; 0:00:00.002702
Time for update_population; 0:00:00.001783
Time for expose_population; 0:00:00.001956
Time for spread_infection; 0:00:00.002732
Time for expose_population; 0:00:00.002039
Time for lambda_leak_expose; 0:00:00.002746
Time for update_population; 0:00:00.001783
Time for expose_population; 0:00:00.001426
Time for spread_infection; 0:00:00.002234
Time for expose_population; 0:00:00.001419
Time for lambda_leak_expose; 0:00:00.002132
Time for update_population; 0:00:00.001696
Time for spread_infection; 0:00:00.000773
Time for expose_population; 0:00:00.001403
Time for lambda_leak_expose; 0:00:00.002047
Time for update_population; 0:00:00.002305
Time for expose_population; 0:00:00.001931
Time for spread_infection; 0:00:00.002754
Time for expose_population; 0:00:00.001411
Time for lambda_leak_expose; 0:00:00.002109
Time for update_population; 0:00:00.001690
Time for spread_infection; 0:00:00.000698
Time for expose_population; 0:00:00.001394
Time for lambda_leak_expose; 0:00:00.002037
Time for update_population; 0:00:00.002277
Time for expose_population; 0:00:00.001458
Time for spread_infection; 0:00:00.002347
Time for expose_population; 0:00:00.002233
Time for lambda_leak_expose; 0:00:00.002952
Time for update_population; 0:00:00.002319
Time for spread_infection; 0:00:00.000590
Time for expose_population; 0:00:00.001410
Time for lambda_leak_expose; 0:00:00.002060
Time for update_population; 0:00:00.002382
Time for expose_population; 0:00:00.001993
Time for spread_infection; 0:00:00.002746
Time for expose_population; 0:00:00.001396
Time for lambda_leak_expose; 0:00:00.002098
Time for update_population; 0:00:00.001709
Time for expose_population; 0:00:00.001995
Time for spread_infection; 0:00:00.002742
Time for expose_population; 0:00:00.001393
Time for lambda_leak_expose; 0:00:00.002005
Time for update_population; 0:00:00.001718
Time for expose_population; 0:00:00.001383
Time for spread_infection; 0:00:00.002186
Time for expose_population; 0:00:00.002027
Time for lambda_leak_expose; 0:00:00.002722
Time for update_population; 0:00:00.001680
Time for expose_population; 0:00:00.001350
Time for spread_infection; 0:00:00.002105
Time for expose_population; 0:00:00.002057
Time for lambda_leak_expose; 0:00:00.002748
Time for update_population; 0:00:00.001675
Time for expose_population; 0:00:00.001928
Time for spread_infection; 0:00:00.002644
Time for expose_population; 0:00:00.001989
Time for lambda_leak_expose; 0:00:00.002682
Time for update_population; 0:00:00.001702
Time for expose_population; 0:00:00.001300
Time for spread_infection; 0:00:00.002033
Time for expose_population; 0:00:00.001979
Time for lambda_leak_expose; 0:00:00.002666
Time for update_population; 0:00:00.001677
Time for expose_population; 0:00:00.001333
Time for spread_infection; 0:00:00.002113
Time for expose_population; 0:00:00.001984
Time for lambda_leak_expose; 0:00:00.002675
Time for update_population; 0:00:00.001721
Time for expose_population; 0:00:00.001371
Time for spread_infection; 0:00:00.002110
Time for expose_population; 0:00:00.001393
Time for lambda_leak_expose; 0:00:00.002093
Time for update_population; 0:00:00.001660
Time for expose_population; 0:00:00.001374
Time for spread_infection; 0:00:00.002128
Time for expose_population; 0:00:00.001977
Time for lambda_leak_expose; 0:00:00.002665
Time for update_population; 0:00:00.001543
Time for expose_population; 0:00:00.001475
Time for spread_infection; 0:00:00.002332
Time for expose_population; 0:00:00.001984
Time for lambda_leak_expose; 0:00:00.002674
Time for update_population; 0:00:00.001683
Time for expose_population; 0:00:00.001397
Time for spread_infection; 0:00:00.002232
Time for expose_population; 0:00:00.001978
Time for lambda_leak_expose; 0:00:00.002669
Time for update_population; 0:00:00.001683
Time for expose_population; 0:00:00.001344
Time for spread_infection; 0:00:00.002107
Time for expose_population; 0:00:00.001970
Time for lambda_leak_expose; 0:00:00.002659
Time for update_population; 0:00:00.001692
Time for spread_infection; 0:00:00.000716
Time for expose_population; 0:00:00.001388
Time for lambda_leak_expose; 0:00:00.002030
Time for update_population; 0:00:00.002271
Time for expose_population; 0:00:00.001399
Time for spread_infection; 0:00:00.002288
Time for expose_population; 0:00:00.001979
Time for lambda_leak_expose; 0:00:00.002667
Time for update_population; 0:00:00.001672
Time for expose_population; 0:00:00.001891
Time for spread_infection; 0:00:00.002746
Time for expose_population; 0:00:00.001993
Time for lambda_leak_expose; 0:00:00.002681
Time for update_population; 0:00:00.001726
Time for expose_population; 0:00:00.001452
Time for spread_infection; 0:00:00.002384
Time for expose_population; 0:00:00.001404
Time for lambda_leak_expose; 0:00:00.002090
Time for update_population; 0:00:00.001668
Time for expose_population; 0:00:00.001397
Time for spread_infection; 0:00:00.002220
Time for expose_population; 0:00:00.001976
Time for lambda_leak_expose; 0:00:00.002679
Time for update_population; 0:00:00.001684
Time for expose_population; 0:00:00.001416
Time for spread_infection; 0:00:00.002295
Time for expose_population; 0:00:00.001970
Time for lambda_leak_expose; 0:00:00.002664
Time for update_population; 0:00:00.001666
Time for expose_population; 0:00:00.001353
Time for spread_infection; 0:00:00.002221
Time for expose_population; 0:00:00.001970
Time for lambda_leak_expose; 0:00:00.002654
Time for update_population; 0:00:00.001738
Time for expose_population; 0:00:00.001624
Time for spread_infection; 0:00:00.002696
Time for expose_population; 0:00:00.002334
Time for lambda_leak_expose; 0:00:00.003091
Time for update_population; 0:00:00.001869
Time for expose_population; 0:00:00.001377
Time for spread_infection; 0:00:00.002317
Time for expose_population; 0:00:00.002001
Time for lambda_leak_expose; 0:00:00.002732
Time for update_population; 0:00:00.001675
Time for expose_population; 0:00:00.001394
Time for spread_infection; 0:00:00.002303
Time for expose_population; 0:00:00.002060
Time for lambda_leak_expose; 0:00:00.002803
Time for update_population; 0:00:00.001772
Time for expose_population; 0:00:00.001421
Time for spread_infection; 0:00:00.002340
Time for expose_population; 0:00:00.002029
Time for lambda_leak_expose; 0:00:00.002728
Time for update_population; 0:00:00.001710
Time for expose_population; 0:00:00.001426
Time for spread_infection; 0:00:00.002277
Time for expose_population; 0:00:00.001975
Time for lambda_leak_expose; 0:00:00.002668
Time for update_population; 0:00:00.001695
Time for expose_population; 0:00:00.001389
Time for spread_infection; 0:00:00.002254
Time for expose_population; 0:00:00.001968
Time for lambda_leak_expose; 0:00:00.002652
Time for update_population; 0:00:00.001694
Time for expose_population; 0:00:00.001376
Time for spread_infection; 0:00:00.002263
Time for expose_population; 0:00:00.001972
Time for lambda_leak_expose; 0:00:00.002673
Time for update_population; 0:00:00.001681
Time for expose_population; 0:00:00.001667
Time for spread_infection; 0:00:00.002615
Time for expose_population; 0:00:00.002175
Time for lambda_leak_expose; 0:00:00.003086
Time for update_population; 0:00:00.001786
Time for expose_population; 0:00:00.001395
Time for spread_infection; 0:00:00.002327
Time for expose_population; 0:00:00.001987
Time for lambda_leak_expose; 0:00:00.002776
Time for update_population; 0:00:00.001726
Time for expose_population; 0:00:00.001403
Time for spread_infection; 0:00:00.002444
Time for expose_population; 0:00:00.001983
Time for lambda_leak_expose; 0:00:00.002672
Time for update_population; 0:00:00.001672
Time for expose_population; 0:00:00.001419
Time for spread_infection; 0:00:00.002342
Time for expose_population; 0:00:00.001976
Time for lambda_leak_expose; 0:00:00.002666
Time for update_population; 0:00:00.001665
Time for expose_population; 0:00:00.001394
Time for spread_infection; 0:00:00.002314
Time for expose_population; 0:00:00.001985
Time for lambda_leak_expose; 0:00:00.002678
Time for update_population; 0:00:00.001697
Time for expose_population; 0:00:00.001904
Time for spread_infection; 0:00:00.002841
Time for expose_population; 0:00:00.002012
Time for lambda_leak_expose; 0:00:00.002708
Time for update_population; 0:00:00.001708
Time for expose_population; 0:00:00.001390
Time for spread_infection; 0:00:00.002223
Time for expose_population; 0:00:00.001380
Time for lambda_leak_expose; 0:00:00.002070
Time for update_population; 0:00:00.001681
Time for expose_population; 0:00:00.001389
Time for spread_infection; 0:00:00.002299
Time for expose_population; 0:00:00.001984
Time for lambda_leak_expose; 0:00:00.002674
Time for update_population; 0:00:00.001705
Time for expose_population; 0:00:00.001906
Time for spread_infection; 0:00:00.002657
Time for expose_population; 0:00:00.001989
Time for lambda_leak_expose; 0:00:00.002679
Time for update_population; 0:00:00.001725
Time for expose_population; 0:00:00.001406
Time for spread_infection; 0:00:00.002258
Time for expose_population; 0:00:00.001394
Time for lambda_leak_expose; 0:00:00.002085
Time for update_population; 0:00:00.001660
Time for expose_population; 0:00:00.001357
Time for spread_infection; 0:00:00.002278
Time for expose_population; 0:00:00.001994
Time for lambda_leak_expose; 0:00:00.002686
Time for update_population; 0:00:00.001708
Time for expose_population; 0:00:00.001902
Time for spread_infection; 0:00:00.002806
Time for expose_population; 0:00:00.002001
Time for lambda_leak_expose; 0:00:00.002698
Time for update_population; 0:00:00.001561
Time for expose_population; 0:00:00.001468
Time for spread_infection; 0:00:00.002406
Time for expose_population; 0:00:00.001402
Time for lambda_leak_expose; 0:00:00.002094
Time for update_population; 0:00:00.001686
Time for expose_population; 0:00:00.001371
Time for spread_infection; 0:00:00.002356
Time for expose_population; 0:00:00.001976
Time for lambda_leak_expose; 0:00:00.002666
Time for update_population; 0:00:00.001685
Time for expose_population; 0:00:00.001368
Time for spread_infection; 0:00:00.002217
Time for expose_population; 0:00:00.001971
Time for lambda_leak_expose; 0:00:00.002661
Time for update_population; 0:00:00.001713
Time for expose_population; 0:00:00.001903
Time for spread_infection; 0:00:00.002733
Time for expose_population; 0:00:00.001980
Time for lambda_leak_expose; 0:00:00.002679
Time for update_population; 0:00:00.001724
Time for expose_population; 0:00:00.001325
Time for spread_infection; 0:00:00.002212
Time for expose_population; 0:00:00.002010
Time for lambda_leak_expose; 0:00:00.002718
Time for update_population; 0:00:00.001747
Time for expose_population; 0:00:00.001394
Time for spread_infection; 0:00:00.002279
Time for expose_population; 0:00:00.001424
Time for lambda_leak_expose; 0:00:00.002117
Time for update_population; 0:00:00.001665
Time for expose_population; 0:00:00.001369
Time for spread_infection; 0:00:00.002278
Time for expose_population; 0:00:00.001998
Time for lambda_leak_expose; 0:00:00.002694
Time for update_population; 0:00:00.001698
Time for expose_population; 0:00:00.001356
Time for spread_infection; 0:00:00.002181
Time for expose_population; 0:00:00.002003
Time for lambda_leak_expose; 0:00:00.002692
Time for update_population; 0:00:00.002016
Time for expose_population; 0:00:00.002019
Time for spread_infection; 0:00:00.002845
Time for expose_population; 0:00:00.002291
Time for lambda_leak_expose; 0:00:00.003295
Time for update_population; 0:00:00.001772
Time for expose_population; 0:00:00.001552
Time for spread_infection; 0:00:00.002503
Time for expose_population; 0:00:00.001417
Time for lambda_leak_expose; 0:00:00.002117
Time for update_population; 0:00:00.001765
Time for expose_population; 0:00:00.001991
Time for spread_infection; 0:00:00.002872
Time for expose_population; 0:00:00.002093
Time for lambda_leak_expose; 0:00:00.002814
Time for update_population; 0:00:00.001754
Time for expose_population; 0:00:00.001510
Time for spread_infection; 0:00:00.002400
Time for expose_population; 0:00:00.001434
Time for lambda_leak_expose; 0:00:00.002129
Time for update_population; 0:00:00.001841
Time for expose_population; 0:00:00.001432
Time for spread_infection; 0:00:00.002298
Time for expose_population; 0:00:00.001990
Time for lambda_leak_expose; 0:00:00.002680
Time for update_population; 0:00:00.001737
Time for expose_population; 0:00:00.001436
Time for spread_infection; 0:00:00.002384
Time for expose_population; 0:00:00.001990
Time for lambda_leak_expose; 0:00:00.002717
Time for update_population; 0:00:00.001710
Time for expose_population; 0:00:00.001909
Time for spread_infection; 0:00:00.002789
Time for expose_population; 0:00:00.002006
Time for lambda_leak_expose; 0:00:00.002702
Time for update_population; 0:00:00.001737
Time for expose_population; 0:00:00.001379
Time for spread_infection; 0:00:00.002301
Time for expose_population; 0:00:00.001425
Time for lambda_leak_expose; 0:00:00.002113
Time for update_population; 0:00:00.001671
Time for expose_population; 0:00:00.001915
Time for spread_infection; 0:00:00.002770
Time for expose_population; 0:00:00.002028
Time for lambda_leak_expose; 0:00:00.002721
Time for update_population; 0:00:00.001731
Time for expose_population; 0:00:00.001313
Time for spread_infection; 0:00:00.002223
Time for expose_population; 0:00:00.002008
Time for lambda_leak_expose; 0:00:00.002695
Time for update_population; 0:00:00.001718
Time for expose_population; 0:00:00.001555
Time for spread_infection; 0:00:00.002558
Time for expose_population; 0:00:00.001393
Time for lambda_leak_expose; 0:00:00.002086
Time for update_population; 0:00:00.001685
Time for expose_population; 0:00:00.001367
Time for spread_infection; 0:00:00.002273
Time for expose_population; 0:00:00.001988
Time for lambda_leak_expose; 0:00:00.002672
Time for update_population; 0:00:00.001740
Time for expose_population; 0:00:00.001454
Time for spread_infection; 0:00:00.002421
Time for expose_population; 0:00:00.001997
Time for lambda_leak_expose; 0:00:00.002681
Time for update_population; 0:00:00.001698
Time for expose_population; 0:00:00.001920
Time for spread_infection; 0:00:00.002913
Time for expose_population; 0:00:00.002006
Time for lambda_leak_expose; 0:00:00.002700
Time for update_population; 0:00:00.001757
Time for expose_population; 0:00:00.001438
Time for spread_infection; 0:00:00.002317
Time for expose_population; 0:00:00.001397
Time for lambda_leak_expose; 0:00:00.002093
Time for update_population; 0:00:00.001712
Time for expose_population; 0:00:00.001429
Time for spread_infection; 0:00:00.002424
Time for expose_population; 0:00:00.002000
Time for lambda_leak_expose; 0:00:00.002689
Time for update_population; 0:00:00.001692
Time for expose_population; 0:00:00.001406
Time for spread_infection; 0:00:00.002239
Time for expose_population; 0:00:00.001994
Time for lambda_leak_expose; 0:00:00.002682
Time for update_population; 0:00:00.001719
Time for spread_infection; 0:00:00.000728
Time for expose_population; 0:00:00.001389
Time for lambda_leak_expose; 0:00:00.002025
Time for update_population; 0:00:00.002309
Time for expose_population; 0:00:00.001943
Time for spread_infection; 0:00:00.002808
Time for expose_population; 0:00:00.001421
Time for lambda_leak_expose; 0:00:00.002127
Time for update_population; 0:00:00.001680
Time for expose_population; 0:00:00.001373
Time for spread_infection; 0:00:00.002294
Time for expose_population; 0:00:00.001996
Time for lambda_leak_expose; 0:00:00.002690
Time for update_population; 0:00:00.001690
Time for expose_population; 0:00:00.001371
Time for spread_infection; 0:00:00.002263
Time for expose_population; 0:00:00.001990
Time for lambda_leak_expose; 0:00:00.002676
Time for update_population; 0:00:00.001692
Time for expose_population; 0:00:00.001372
Time for spread_infection; 0:00:00.002150
Time for expose_population; 0:00:00.001987
Time for lambda_leak_expose; 0:00:00.002672
Time for update_population; 0:00:00.001707
Time for expose_population; 0:00:00.001450
Time for spread_infection; 0:00:00.002282
Time for expose_population; 0:00:00.001992
Time for lambda_leak_expose; 0:00:00.002680
Time for update_population; 0:00:00.001694
Time for expose_population; 0:00:00.001401
Time for spread_infection; 0:00:00.002268
Time for expose_population; 0:00:00.001986
Time for lambda_leak_expose; 0:00:00.002671
Time for update_population; 0:00:00.001710
Time for spread_infection; 0:00:00.000808
Time for expose_population; 0:00:00.001402
Time for lambda_leak_expose; 0:00:00.002035
Time for update_population; 0:00:00.002307
Time for expose_population; 0:00:00.001433
Time for spread_infection; 0:00:00.002331
Time for expose_population; 0:00:00.002001
Time for lambda_leak_expose; 0:00:00.002687
Time for update_population; 0:00:00.001700
Time for expose_population; 0:00:00.001921
Time for spread_infection; 0:00:00.002712
Time for expose_population; 0:00:00.002026
Time for lambda_leak_expose; 0:00:00.002714
Time for update_population; 0:00:00.002036
Time for spread_infection; 0:00:00.000821
Time for expose_population; 0:00:00.001795
Time for lambda_leak_expose; 0:00:00.002479
Time for update_population; 0:00:00.002037
Time for expose_population; 0:00:00.002006
Time for spread_infection; 0:00:00.002824
Time for expose_population; 0:00:00.001467
Time for lambda_leak_expose; 0:00:00.002257
Time for update_population; 0:00:00.001846
Time for expose_population; 0:00:00.002249
Time for spread_infection; 0:00:00.003244
Time for expose_population; 0:00:00.001680
Time for lambda_leak_expose; 0:00:00.002441
Time for update_population; 0:00:00.001827
Time for expose_population; 0:00:00.001488
Time for spread_infection; 0:00:00.002384
Time for expose_population; 0:00:00.002029
Time for lambda_leak_expose; 0:00:00.002779
Time for update_population; 0:00:00.001967
Time for expose_population; 0:00:00.001998
Time for spread_infection; 0:00:00.002792
Time for expose_population; 0:00:00.002037
Time for lambda_leak_expose; 0:00:00.002754
Time for update_population; 0:00:00.001812
Time for expose_population; 0:00:00.001457
Time for spread_infection; 0:00:00.002513
Time for expose_population; 0:00:00.002125
Time for lambda_leak_expose; 0:00:00.002849
Time for update_population; 0:00:00.001826
Time for expose_population; 0:00:00.001408
Time for spread_infection; 0:00:00.002239
Time for expose_population; 0:00:00.001436
Time for lambda_leak_expose; 0:00:00.002173
Time for update_population; 0:00:00.001706
Time for expose_population; 0:00:00.001426
Time for spread_infection; 0:00:00.002215
Time for expose_population; 0:00:00.002049
Time for lambda_leak_expose; 0:00:00.002739
Time for update_population; 0:00:00.001694
Time for expose_population; 0:00:00.001909
Time for spread_infection; 0:00:00.002792
Time for expose_population; 0:00:00.002028
Time for lambda_leak_expose; 0:00:00.002712
Time for update_population; 0:00:00.001733
Time for spread_infection; 0:00:00.000775
Time for expose_population; 0:00:00.001524
Time for lambda_leak_expose; 0:00:00.002235
Time for update_population; 0:00:00.001780
Time for expose_population; 0:00:00.001965
Time for spread_infection; 0:00:00.002725
Time for expose_population; 0:00:00.001421
Time for lambda_leak_expose; 0:00:00.002108
Time for update_population; 0:00:00.001722
Time for expose_population; 0:00:00.001377
Time for spread_infection; 0:00:00.002141
Time for expose_population; 0:00:00.002036
Time for lambda_leak_expose; 0:00:00.002716
Time for update_population; 0:00:00.001691
Time for expose_population; 0:00:00.001918
Time for spread_infection; 0:00:00.002644
Time for expose_population; 0:00:00.002057
Time for lambda_leak_expose; 0:00:00.002746
Time for update_population; 0:00:00.001711
Time for expose_population; 0:00:00.001350
Time for spread_infection; 0:00:00.002114
Time for expose_population; 0:00:00.002044
Time for lambda_leak_expose; 0:00:00.002731
Time for update_population; 0:00:00.001753
Time for expose_population; 0:00:00.001398
Time for spread_infection; 0:00:00.002235
Time for expose_population; 0:00:00.001417
Time for lambda_leak_expose; 0:00:00.002099
Time for update_population; 0:00:00.001679
Time for expose_population; 0:00:00.001420
Time for spread_infection; 0:00:00.002215
Time for expose_population; 0:00:00.001982
Time for lambda_leak_expose; 0:00:00.002665
Time for update_population; 0:00:00.001716
Time for expose_population; 0:00:00.001355
Time for spread_infection; 0:00:00.002174
Time for expose_population; 0:00:00.001997
Time for lambda_leak_expose; 0:00:00.002733
Time for update_population; 0:00:00.001694
Time for expose_population; 0:00:00.001409
Time for spread_infection; 0:00:00.002233
Time for expose_population; 0:00:00.001990
Time for lambda_leak_expose; 0:00:00.002677
Time for update_population; 0:00:00.001724
Time for expose_population; 0:00:00.001383
Time for spread_infection; 0:00:00.002220
Time for expose_population; 0:00:00.001994
Time for lambda_leak_expose; 0:00:00.002684
Time for update_population; 0:00:00.001682
Time for expose_population; 0:00:00.001910
Time for spread_infection; 0:00:00.002674
Time for expose_population; 0:00:00.002021
Time for lambda_leak_expose; 0:00:00.002628
Time for update_population; 0:00:00.001749
Time for spread_infection; 0:00:00.000769
Time for expose_population; 0:00:00.001403
Time for lambda_leak_expose; 0:00:00.002039
Time for update_population; 0:00:00.001741
Time for expose_population; 0:00:00.001413
Time for spread_infection; 0:00:00.002251
Time for expose_population; 0:00:00.002009
Time for lambda_leak_expose; 0:00:00.002695
Time for update_population; 0:00:00.001706
Time for spread_infection; 0:00:00.000764
Time for expose_population; 0:00:00.001378
Time for lambda_leak_expose; 0:00:00.002010
Time for update_population; 0:00:00.002147
Time for expose_population; 0:00:00.001390
Time for spread_infection; 0:00:00.002204
Time for expose_population; 0:00:00.001990
Time for lambda_leak_expose; 0:00:00.002673
Time for update_population; 0:00:00.001685
Time for expose_population; 0:00:00.001358
Time for spread_infection; 0:00:00.002185
Time for expose_population; 0:00:00.001992
Time for lambda_leak_expose; 0:00:00.002678
Time for update_population; 0:00:00.001687
Time for expose_population; 0:00:00.001911
Time for spread_infection; 0:00:00.002629
Time for expose_population; 0:00:00.002004
Time for lambda_leak_expose; 0:00:00.002696
Time for update_population; 0:00:00.001754
Time for expose_population; 0:00:00.001580
Time for spread_infection; 0:00:00.002516
Time for expose_population; 0:00:00.001418
Time for lambda_leak_expose; 0:00:00.002103
Time for update_population; 0:00:00.001680
Time for expose_population; 0:00:00.001392
Time for spread_infection; 0:00:00.002226
Time for expose_population; 0:00:00.002287
Time for lambda_leak_expose; 0:00:00.002918
Time for update_population; 0:00:00.001858
Time for spread_infection; 0:00:00.001187
Time for expose_population; 0:00:00.001490
Time for lambda_leak_expose; 0:00:00.002247
Time for update_population; 0:00:00.002420
Time for expose_population; 0:00:00.001457
Time for spread_infection; 0:00:00.002307
Time for expose_population; 0:00:00.002014
Time for lambda_leak_expose; 0:00:00.002711
Time for update_population; 0:00:00.001839
Time for spread_infection; 0:00:00.000722
Time for expose_population; 0:00:00.001485
Time for lambda_leak_expose; 0:00:00.002130
Time for update_population; 0:00:00.002302
Time for expose_population; 0:00:00.001418
Time for spread_infection; 0:00:00.002265
Time for expose_population; 0:00:00.002088
Time for lambda_leak_expose; 0:00:00.002781
Time for update_population; 0:00:00.001581
Time for expose_population; 0:00:00.001964
Time for spread_infection; 0:00:00.002708
Time for expose_population; 0:00:00.002080
Time for lambda_leak_expose; 0:00:00.002683
Time for update_population; 0:00:00.001713
Time for expose_population; 0:00:00.001465
Time for spread_infection; 0:00:00.002274
Time for expose_population; 0:00:00.001411
Time for lambda_leak_expose; 0:00:00.002102
Time for update_population; 0:00:00.001703
Time for expose_population; 0:00:00.001915
Time for spread_infection; 0:00:00.002662
Time for expose_population; 0:00:00.002006
Time for lambda_leak_expose; 0:00:00.002694
Time for update_population; 0:00:00.001766
Time for spread_infection; 0:00:00.000812
Time for expose_population; 0:00:00.001430
Time for lambda_leak_expose; 0:00:00.002068
Time for update_population; 0:00:00.001691
Time for expose_population; 0:00:00.001393
Time for spread_infection; 0:00:00.002317
Time for expose_population; 0:00:00.001993
Time for lambda_leak_expose; 0:00:00.002594
Time for update_population; 0:00:00.001682
Time for expose_population; 0:00:00.001385
Time for spread_infection; 0:00:00.002252
Time for expose_population; 0:00:00.001986
Time for lambda_leak_expose; 0:00:00.002671
Time for update_population; 0:00:00.001715
Time for expose_population; 0:00:00.001370
Time for spread_infection; 0:00:00.002294
Time for expose_population; 0:00:00.001983
Time for lambda_leak_expose; 0:00:00.002677
Time for update_population; 0:00:00.001710
Time for expose_population; 0:00:00.001365
Time for spread_infection; 0:00:00.002196
Time for expose_population; 0:00:00.001988
Time for lambda_leak_expose; 0:00:00.002674
Time for update_population; 0:00:00.001720
Time for expose_population; 0:00:00.001915
Time for spread_infection; 0:00:00.002667
Time for expose_population; 0:00:00.001996
Time for lambda_leak_expose; 0:00:00.002706
Time for update_population; 0:00:00.001713
Time for expose_population; 0:00:00.001407
Time for spread_infection; 0:00:00.002288
Time for expose_population; 0:00:00.001412
Time for lambda_leak_expose; 0:00:00.002109
Time for update_population; 0:00:00.001682
Time for spread_infection; 0:00:00.000747
Time for expose_population; 0:00:00.001387
Time for lambda_leak_expose; 0:00:00.002021
Time for update_population; 0:00:00.002313
Time for expose_population; 0:00:00.001416
Time for spread_infection; 0:00:00.002303
Time for expose_population; 0:00:00.001998
Time for lambda_leak_expose; 0:00:00.002690
Time for update_population; 0:00:00.001690
Time for expose_population; 0:00:00.001394
Time for spread_infection; 0:00:00.002295
Time for expose_population; 0:00:00.001994
Time for lambda_leak_expose; 0:00:00.002679
Time for update_population; 0:00:00.001681
Time for expose_population; 0:00:00.001921
Time for spread_infection; 0:00:00.002699
Time for expose_population; 0:00:00.002030
Time for lambda_leak_expose; 0:00:00.002635
Time for update_population; 0:00:00.001758